portNumber,portName,regionNumber,regionName,countryCode,countryName,latitude,longitude,publicationNumber,chartNumber,navArea,harborSize,harborType,shelter,erTide,erSwell,erIce,erOther,overheadLimits,chDepth,anDepth,cpDepth,otDepth,tide,maxVesselLength,maxVesselBeam,maxVesselDraft,goodHoldingGround,turningArea,firstPortOfEntry,usRep,ptCompulsory,ptAvailable,ptLocalAssist,ptAdvisable,tugsSalvage,tugsAssist,qtPratique,qtOther,cmTelephone,cmTelegraph,cmRadio,cmRadioTel,cmAir,cmRail,loWharves,loAnchor,loMedMoor,loBeachMoor,loIceMoor,medFacilities,garbageDisposal,degauss,dirtyBallast,crFixed,crMobile,crFloating,lifts100,lifts50,lifts25,lifts0,srLongshore,srElectrical,srSteam,srNavigEquip,srElectRepair,suProvisions,suWater,suFuel,suDiesel,suDeck,suEngine,repairCode,drydock,railway,qtSanitation,suAviationFuel,harborUse,ukcMgmtSystem,portSecurity,etaMessage,searchAndRescue,tss,vts,cht,globalId,loRoro,loSolidBulk,loContainer,loBreakBulk,loOilTerm,loLongTerm,loOther,loDangCargo,loLiquidBulk,srIceBreaking,srDiving,cranesContainer,unloCode,dnc,s121WaterBody,s57Enc,s101Enc,dodWaterBody,alternateName,entranceWidth,lngTerminalDepth,offMaxVesselLength,offMaxVesselBeam,offMaxVesselDraft,
18790,Ahousat,18080,CANADA WEST COAST,CA,Canada,"49°17'00""N","126°04'00""W",Sailing Directions Pub. 154 (Enroute) - British Columbia,17510,XII,V,CN,F,U,U,U,U,U,,,5,,0,,,,U,U,U,U,U,,,U,U,U,U,U,Y,U,U,U,Y,U,Y,U,U,U,U,U,U,U,U,U,U,U,U,U,U,U,U,U,U,U,U,Y,Y,U,Y,U,U,U,U,U,U,U,UNK,U,U,U,U,U,U,U,{2B0DE529-CB90-48A4-8453-99C4F4448CFF},U,U,U,U,U,U,U,U,U,U,U,U,,"a2618780, coa26b, gen26b",,,,North Pacific Ocean,,,,,,,
18860,Alert Bay,18080,CANADA WEST COAST,CA,Canada,"50°35'00""N","126°56'00""W",Sailing Directions Pub. 154 (Enroute) - British Columbia,17525,XII,V,CN,F,Y,N,N,Y,N,14,13,8,,3,,,,Y,Y,N,N,Y,,,U,U,U,U,U,Y,Y,U,Y,Y,U,Y,Y,U,U,U,Y,U,U,N,U,U,U,U,U,U,U,U,U,U,U,U,U,Y,U,Y,U,U,C,U,U,U,U,UNK,U,U,N,U,U,U,U,{F8366F25-8CDA-47C4-945B-6AC491DDD69E},U,U,U,U,U,U,U,U,U,U,U,U,CA AAL,"a2618875, gen26b, h2618860",,,,Alaska-Canada coastal waters; North Pacific Ocean,,,,,,,
19055,Alliford Bay,18080,CANADA WEST COAST,CA,Canada,"53°13'00""N","131°59'00""W",Sailing Directions Pub. 154 (Enroute) - British Columbia,17415,XII,V,CN,G,Y,Y,N,Y,N,14,14,6,,16,,,,Y,U,U,N,N,,,U,U,U,U,U,U,U,U,U,U,U,Y,Y,U,U,U,U,U,U,N,U,U,U,U,U,U,U,U,U,U,U,U,U,U,U,U,U,U,U,U,U,U,U,UNK,U,U,N,U,U,U,U,{5D861C22-11BF-4293-8D56-271C484F1DD7},U,U,U,U,U,U,U,U,U,U,U,U,,"a2619040, coa26c, gen26b, h2619055",,,,Alaska-Canada coastal waters; North Pacific Ocean,,,,,,,
3380,Amherstburg,3240,CANADA LAKE ERIE,CA,Canada,"42°06'00""N","83°06'00""W",U.S. Coast Pilot 6 - Great Lakes and their connecting waterways,14848,IV,S,RN,E,N,N,Y,Y,N,5,6,5,6,0,,,,U,U,Y,U,Y,,,Y,Y,N,Y,U,Y,Y,U,U,Y,Y,Y,U,U,U,U,Y,U,U,N,Y,Y,U,Y,Y,Y,Y,Y,U,U,U,U,Y,Y,U,U,U,U,C,U,U,U,U,UNK,U,U,U,U,U,U,U,{13331580-46E7-48BC-99C8-96137C7AE0E8},U,U,U,U,U,U,U,U,U,U,U,U,CA AMH,coa17d,,,,Lake Erie; Great Lakes,,,,,,,
18665,Bamberton,18080,CANADA WEST COAST,CA,Canada,"48°33'00""N","123°31'00""W",Sailing Directions Pub. 154 (Enroute) - British Columbia,"18461, 18462",XII,V,CN,F,N,N,N,N,N,23,23,8,8,12,,,,U,U,Y,N,Y,,,U,U,U,U,U,U,U,U,U,U,U,U,U,U,U,U,U,U,U,N,U,U,U,U,U,U,U,U,U,U,U,U,U,U,U,U,U,U,U,U,U,U,U,UNK,U,U,Y,U,U,U,U,{DAF76E4E-8C89-40C2-AF8A-9F5BCF4A6EB8},U,U,U,U,U,U,U,U,U,U,U,U,CA BAM,"a2618660, gen26b",,,,Alaska-Canada coastal waters; North Pacific Ocean,,,,,,,
5140,Batchawana Bay,5120,CANADA LAKE SUPERIOR,CA,Canada,"46°55'00""N","84°36'00""W",U.S. Coast Pilot 6 - Great Lakes and their connecting waterways,,IV,V,CN,E,N,N,Y,Y,N,6,9,3,,0,,,,Y,U,N,N,U,,,U,N,N,Y,U,U,U,U,U,Y,U,Y,U,U,U,U,Y,U,U,N,U,U,U,U,U,U,U,U,U,U,U,U,Y,Y,U,U,U,U,U,U,U,Y,U,UNK,U,U,N,U,U,U,U,{B4F866F1-455F-4D58-8280-9C483365D9A7},U,U,U,U,U,U,U,U,U,U,U,U,,gen28a,,,,Lake Superior; Great Lakes,,,,,,,
2550,Beauharnois,2545,CANADA ST LAWRENCE R,CA,Canada,"45°19'00""N","73°53'00""W",Sailing Directions Pub. 145 (Enroute) - Nova Scotia and the Saint Lawrence,14196,IV,V,LC,E,U,U,Y,U,Y,3,13,3,,0,,,,U,U,U,U,U,,,U,U,U,U,U,U,U,U,U,U,Y,Y,U,U,U,U,U,U,U,U,U,U,U,U,U,U,U,U,U,U,U,U,U,U,U,U,U,U,U,U,U,U,U,UNK,U,U,U,U,U,U,U,{15A9B6D1-8133-41D5-8780-FED6705F0E8D},U,U,U,U,U,U,U,U,U,U,U,U,CA BHA,a1802550,,,,Lake Ontario; Great Lakes,,,,,,,
18915,Bella Bella,18080,CANADA WEST COAST,CA,Canada,"52°10'00""N","128°09'00""W",Sailing Directions Pub. 154 (Enroute) - British Columbia,,XII,V,CN,F,Y,N,N,Y,N,23,23,6,6,3,,,,U,U,N,N,U,,,U,U,U,U,U,U,U,U,U,U,U,Y,Y,U,U,U,Y,U,U,N,Y,U,U,U,U,U,Y,U,U,U,U,U,Y,Y,U,Y,U,U,U,U,U,U,U,UNK,U,U,N,U,U,U,U,{37C03A36-F696-4994-9EDB-F385EF934A19},U,U,U,U,U,U,U,U,U,U,U,U,,"a2618890, coa26b, gen26b",,,,Alaska-Canada coastal waters; North Pacific Ocean,,,,,,,
18890,Bella Coola,18080,CANADA WEST COAST,CA,Canada,"52°22'00""N","126°48'00""W",Sailing Directions Pub. 154 (Enroute) - British Columbia,,XII,V,CN,F,N,N,N,Y,N,,23,6,,10,,,,U,U,Y,N,Y,,,U,U,U,Y,U,Y,Y,Y,U,Y,U,Y,Y,U,U,U,U,U,U,N,U,U,U,U,U,U,U,U,U,U,U,U,U,U,U,Y,U,U,U,U,U,Y,U,UNK,U,U,Y,U,U,U,U,{8A7A5B40-AC75-4047-BE27-583B127A8FAE},U,U,U,U,U,U,U,U,U,U,U,U,CA BLC,"a2618890, gen26b",,,,Alaska-Canada coastal waters; North Pacific Ocean,,,,,,,
2930,Belleville,2820,CANADA LAKE ONTARIO,CA,Canada,"44°09'00""N","77°24'00""W",U.S. Coast Pilot 6 - Great Lakes and their connecting waterways,,IV,S,CN,E,N,N,Y,Y,Y,3,5,3,3,0,,,,U,Y,Y,N,Y,,,U,N,Y,Y,U,U,U,U,Y,Y,Y,Y,U,U,U,U,Y,U,U,N,U,U,U,U,U,U,U,N,U,U,U,U,Y,U,Y,Y,Y,Y,C,U,S,N,U,UNK,U,U,U,U,U,U,U,{3F81544C-39F4-4309-9E64-AB5D9917D564},U,U,U,U,U,U,U,U,U,U,U,U,CA BLV,h1802740,,,,Lake Ontario; Great Lakes,,,,,,,
18818,Bergh Cove,18080,CANADA WEST COAST,CA,Canada,"50°32'00""N","127°37'00""W",Sailing Directions Pub. 154 (Enroute) - British Columbia,"17493, 17501",XII,V,CN,G,N,N,N,Y,N,23,,5,,3,,,,U,U,Y,N,U,,,U,U,U,U,U,Y,U,U,U,U,U,Y,U,U,U,U,U,U,U,N,U,U,U,U,U,U,U,U,U,U,U,U,U,U,U,Y,U,U,U,U,U,U,U,UNK,U,U,N,U,U,U,U,{D6C1EC33-5DD4-4849-8862-1AA49DBF7A26},U,U,U,U,U,U,U,U,U,U,U,U,,"coa26b, gen26b",,,,North Pacific Ocean,,,,,,,
20498,Bernard Harbor,20490,CANADA NORTH COAST,CA,Canada,"68°47'00""N","114°46'00""W",No NGA Sailing Directions (Enroute) Coverage,15955,XVIII,S,CN,F,U,U,Y,Y,U,,11,,,0,,,,U,U,U,U,U,,,U,U,U,U,U,U,U,U,U,Y,U,U,Y,U,U,U,U,U,U,U,U,U,U,U,U,U,U,U,U,U,U,U,U,Y,U,U,U,U,U,U,U,U,U,UNK,U,U,U,U,U,U,U,{EDA633D4-D2CB-48A6-B0DB-A54C5240DCFC},U,U,U,U,U,U,U,U,U,U,U,U,CA BBN,"coa28j, gen28e, h2820498",,,,Northwest Passages; Arctic Ocean,,,,,,,
4200,Blind River,3640,CANADA LAKE HURON,CA,Canada,"46°11'00""N","82°57'00""W",U.S. Coast Pilot 6 - Great Lakes and their connecting waterways,,IV,V,CN,F,N,N,Y,N,N,2,5,5,,0,,,,U,N,Y,N,Y,,,U,N,N,Y,U,Y,Y,U,U,U,Y,Y,U,U,U,U,Y,U,U,N,U,U,U,U,U,U,U,N,U,U,U,U,Y,U,Y,Y,Y,Y,C,U,U,Y,U,UNK,U,U,N,U,U,U,U,{AE661738-360C-4402-A5E7-92C22C1E0214},U,U,U,U,U,U,U,U,U,U,U,U,CA BLR,gen28a,,,,Lake Huron; Great Lakes,,,,,,,
2700,Brockville,2545,CANADA ST LAWRENCE R,CA,Canada,"44°35'00""N","75°40'00""W",U.S. Coast Pilot 6 - Great Lakes and their connecting waterways,14770,IV,V,CN,E,U,U,U,U,U,2,2,2,,0,,,,U,U,Y,U,Y,,,U,U,U,Y,U,U,U,U,Y,U,Y,Y,U,U,U,U,Y,U,U,U,U,U,U,U,U,U,U,N,U,U,U,U,Y,Y,Y,Y,U,U,C,U,U,U,U,UNK,U,U,U,U,U,U,U,{4156223D-0A91-404E-8073-0A45B4D91004},U,U,U,U,U,U,U,U,U,U,U,U,CA BCK,h1802741,,,,Lake Ontario; Great Lakes,,,,,,,
3030,Bronte,2820,CANADA LAKE ONTARIO,CA,Canada,"43°24'00""N","79°43'00""W",U.S. Coast Pilot 6 - Great Lakes and their connecting waterways,14810,IV,V,CB,E,N,N,Y,Y,Y,2,3,3,,0,,,,U,U,N,N,Y,,,U,Y,N,Y,U,U,U,U,U,U,U,Y,U,U,U,U,Y,U,U,N,U,U,Y,U,U,Y,U,U,Y,U,U,U,U,Y,Y,Y,Y,Y,C,U,S,N,U,UNK,U,U,Y,U,U,U,U,{5D9813E9-F56C-48D8-BE6E-0B77FC59608B},U,U,U,U,U,U,U,U,U,U,U,U,,h1802740,,,,Lake Ontario; Great Lakes,,,,,,,
4230,Bruce Mines,3640,CANADA LAKE HURON,CA,Canada,"46°17'00""N","83°47'00""W",U.S. Coast Pilot 6 - Great Lakes and their connecting waterways,,IV,V,CN,F,N,N,Y,N,U,5,5,5,,0,,,,Y,N,Y,N,Y,,,U,N,N,Y,U,Y,U,U,U,U,Y,Y,U,U,U,U,U,U,U,N,U,U,U,U,U,U,U,U,U,U,U,U,U,U,Y,U,Y,Y,C,U,U,Y,U,UNK,U,U,N,U,U,U,U,{16EA8BF2-BEDA-4BFB-9AB6-BAF094490D48},U,U,U,U,U,U,U,U,U,U,U,U,CA BCM,gen28a,,,,Lake Huron; Great Lakes,,,,,,,
18920,Butedale,18080,CANADA WEST COAST,CA,Canada,"53°10'00""N","128°41'00""W",Sailing Directions Pub. 154 (Enroute) - British Columbia,17460,XII,V,CN,F,N,N,N,Y,N,,,9,6,9,,,,U,U,N,N,U,,,U,U,U,U,U,U,U,U,Y,Y,U,Y,U,U,U,U,U,U,U,N,U,U,U,U,U,U,U,U,U,U,U,U,Y,Y,U,Y,U,U,C,U,S,U,U,UNK,U,U,N,U,U,U,U,{18DDA8C8-8C85-456F-B2B8-66E46A2D30A4},U,U,U,U,U,U,U,U,U,U,U,U,,"a2618920, coa26c, gen26b",,,,Alaska-Canada coastal waters; North Pacific Ocean,,,,,,,
4050,Byng Inlet,3640,CANADA LAKE HURON,CA,Canada,"45°46'00""N","80°34'00""W",U.S. Coast Pilot 6 - Great Lakes and their connecting waterways,,IV,V,CN,E,U,U,Y,N,U,5,3,6,,0,,,,N,N,N,N,Y,,,U,N,N,Y,U,U,U,U,U,U,Y,Y,U,U,U,U,U,U,U,N,U,U,U,U,U,U,U,U,U,U,U,U,Y,Y,Y,U,Y,Y,C,U,S,Y,U,UNK,U,U,N,U,U,U,U,{822D3B4C-48F8-4A92-9088-C8D2A0D59803},U,U,U,U,U,U,U,U,U,U,U,U,CA BTT,h1802740,,,,Lake Huron; Great Lakes,Britt,,,,,,
6545,Canaport (St. John),6070,NOVA SCOTIA CONT,CA,Canada,"45°12'00""N","65°59'00""W",Sailing Directions Pub. 145 (Enroute) - Nova Scotia and the Saint Lawrence,14016,IV,L,OR,G,U,U,U,U,U,23,,,23,0,,,,Y,Y,U,U,Y,,,U,U,Y,U,U,U,Y,Y,U,U,U,Y,U,U,U,U,N,U,U,U,U,U,U,U,U,U,U,U,U,U,U,U,U,Y,Y,U,U,U,U,U,U,U,U,UNK,U,U,Y,U,U,U,U,{0E8B457C-C49A-460B-8400-208CC3609465},U,U,U,U,U,U,U,U,U,U,U,U,CA CPT,"a1806550, coa18b, gen18a, h1806550",,,,Bay of Fundy; North Atlantic Ocean,St. John,,,,,,
20497,Cape Young,20490,CANADA NORTH COAST,CA,Canada,"68°56'00""N","116°56'00""W",No NGA Sailing Directions (Enroute) Coverage,15919,XVIII,V,OR,P,U,U,Y,Y,U,,16,,,0,,,,U,U,U,U,U,,,U,U,U,U,U,U,U,U,U,Y,U,U,Y,U,U,U,U,U,U,U,U,U,U,U,U,U,U,U,U,U,U,U,U,U,U,U,U,U,U,U,U,U,U,UNK,U,U,U,U,U,U,U,{C2CFA176-A14F-4960-BFA4-E72DAEFE19E6},U,U,U,U,U,U,U,U,U,U,U,U,,"coa28j, gen28e",,,,Northwest Passages; Arctic Ocean,,,,,,,
5600,Caraquet,5555,NEW BRUNSWICK,CA,Canada,"47°48'00""N","64°56'00""W",Sailing Directions Pub. 145 (Enroute) - Nova Scotia and the Saint Lawrence,,IV,S,CN,G,N,N,Y,Y,U,5,8,6,,2,,,,Y,Y,N,N,Y,,,U,N,N,Y,U,Y,Y,Y,Y,Y,Y,Y,N,U,U,U,Y,N,N,N,N,N,N,N,N,N,N,N,N,N,N,U,Y,Y,Y,Y,U,U,C,U,U,Y,U,UNK,U,U,Y,U,U,U,U,{26BEB1B5-AE67-42A4-B928-1D07FA696FF3},U,U,U,U,U,U,U,U,U,U,U,U,CA CAQ,"a1805600, coa18c, gen18b, h1805600",,,,Gulf of Saint Lawrence; North Atlantic Ocean,,,,,,,
2670,Cardinal,2545,CANADA ST LAWRENCE R,CA,Canada,"44°47'00""N","75°23'00""W",U.S. Coast Pilot 6 - Great Lakes and their connecting waterways,"14757, 14758",IV,V,LC,E,U,U,Y,U,U,,,6,,0,,,,U,U,U,U,Y,,,U,U,U,U,U,U,U,U,U,U,U,Y,U,U,U,U,U,U,U,U,U,U,U,U,U,U,U,U,U,U,U,U,U,U,U,U,U,U,U,U,U,U,U,UNK,U,U,U,U,U,U,U,{38732CE8-BE5E-4D4B-80C5-6AC0B239BC0E},U,U,U,U,U,U,U,U,U,U,U,U,CA CDN,h1802741,,,,Lake Ontario; Great Lakes,,,,,,,
2350,Carillon,2270,OTTAWA RIVER,CA,Canada,"45°34'00""N","74°22'00""W",Sailing Directions Pub. 145 (Enroute) - Nova Scotia and the Saint Lawrence,,IV,V,RN,E,U,U,Y,U,Y,2,9,2,,0,,,,U,U,U,U,U,,,U,U,U,U,U,U,U,U,U,U,U,Y,U,U,U,U,U,U,U,U,U,U,U,U,U,U,U,U,U,U,U,U,U,U,U,U,U,U,U,U,U,U,U,UNK,U,U,U,U,U,U,U,{A805D8D5-9CB4-47ED-88B3-ABAC563D9ECF},U,U,U,U,U,U,U,U,U,U,U,U,,a1802550,,,,Lake Ontario; Great Lakes,,,,,,,
5750,Charlottetown,5705,PRINCE EDWARD ISLAND,CA,Canada,"46°14'00""N","63°08'00""W",Sailing Directions Pub. 145 (Enroute) - Nova Scotia and the Saint Lawrence,14000,IV,S,CN,G,N,N,Y,Y,Y,9,9,8,8,3,,,,Y,Y,Y,N,Y,,,Y,N,Y,Y,U,N,Y,Y,Y,Y,Y,Y,U,U,U,U,Y,U,U,N,U,U,U,U,U,U,U,U,U,U,U,U,Y,Y,Y,Y,Y,Y,C,U,U,U,U,UNK,U,U,Y,U,U,U,U,{637D923B-237E-45A5-BC2E-B0DBC5F09CA8},U,U,U,U,U,U,U,U,U,U,U,U,CA CHA,"a1805705, coa18c, gen18b, h1805750",,,,Gulf of Saint Lawrence; North Atlantic Ocean,,,,,,,
18560,Chemainus,18080,CANADA WEST COAST,CA,Canada,"48°56'00""N","123°43'00""W",Sailing Directions Pub. 154 (Enroute) - British Columbia,18442,XII,V,CN,F,U,U,U,U,U,9,22,16,,2,,,,N,Y,Y,N,Y,,,Y,U,Y,Y,U,Y,Y,Y,Y,Y,Y,Y,U,U,U,U,Y,U,U,N,Y,U,U,U,U,U,Y,Y,N,N,Y,Y,Y,Y,Y,Y,N,N,C,U,U,Y,U,UNK,U,U,Y,U,U,U,U,{40B82F7B-0C79-4213-87D1-08023A0E5A4F},U,U,U,U,U,U,U,U,U,U,U,U,CA CHM,"a2618520, gen26b, h2618560",,,,Alaska-Canada coastal waters; North Pacific Ocean,,,,,,,
2130,Chicoutimi (Port Saguenay),1930,CANADA ST LAWRENCE R,CA,Canada,"48°26'00""N","71°04'00""W",Sailing Directions Pub. 145 (Enroute) - Nova Scotia and the Saint Lawrence,,IV,S,RN,G,Y,N,Y,Y,Y,5,23,13,8,5,,,,Y,Y,Y,U,Y,,,Y,Y,Y,Y,U,U,U,Y,Y,Y,U,Y,U,Y,U,U,Y,U,U,N,U,Y,U,U,U,Y,Y,Y,U,U,U,U,Y,Y,Y,Y,Y,Y,C,S,U,N,U,UNK,U,U,Y,U,U,U,U,{0EF6DF3D-1AEC-4CE7-8CA5-153DC5EB89C4},U,U,U,U,U,U,U,U,U,U,U,U,CA CHI,gen18b,,,,Gulf of Saint Lawrence; North Atlantic Ocean,Port Saguenay,,,,,,
2370,Chute A Blondeau,2270,OTTAWA RIVER,CA,Canada,"45°35'00""N","74°28'00""W",Sailing Directions Pub. 145 (Enroute) - Nova Scotia and the Saint Lawrence,,IV,V,RN,E,U,U,Y,U,Y,2,2,2,,0,,,,U,U,U,U,U,,,U,U,U,U,U,U,U,U,U,U,U,Y,U,U,U,U,U,U,U,U,U,U,U,U,U,U,U,U,U,U,U,U,U,U,U,U,U,U,U,U,U,U,U,UNK,U,U,U,U,U,U,U,{E6697778-9567-4465-80BC-FC3807C491F9},U,U,U,U,U,U,U,U,U,U,U,U,CA CAB,a1802550,,,,Lake Ontario; Great Lakes,,,,,,,
3015,Clarkson,2820,CANADA LAKE ONTARIO,CA,Canada,"43°30'00""N","79°36'00""W",U.S. Coast Pilot 6 - Great Lakes and their connecting waterways,14810,IV,V,OR,F,N,Y,Y,Y,N,6,11,6,6,0,,,,N,U,N,N,Y,,,U,Y,N,U,U,U,U,Y,U,Y,U,Y,U,U,U,U,Y,U,U,Y,U,U,U,U,U,U,U,U,U,U,U,U,U,U,U,U,U,U,U,U,U,U,U,UNK,U,U,Y,U,U,U,U,{3896F65C-3577-4641-90CD-4ABADA9D8B4C},U,U,U,U,U,U,U,U,U,U,U,U,CA CSN,h1802740,,,,Lake Ontario; Great Lakes,Clarkson Harbor,,,,,,
18780,Clayoquot,18080,CANADA WEST COAST,CA,Canada,"49°09'00""N","125°55'00""W",Sailing Directions Pub. 154 (Enroute) - British Columbia,17510,XII,V,CN,F,N,N,N,Y,N,5,6,3,,7,,,,U,U,N,N,U,,,U,U,U,U,U,Y,U,U,U,U,U,Y,Y,U,U,U,U,U,U,N,U,U,U,U,U,U,U,U,U,U,U,U,Y,Y,U,U,U,U,U,U,U,U,U,UNK,U,U,N,U,U,U,U,{9FC25E82-D6C2-4474-B085-32731ADA20F6},U,U,U,U,U,U,U,U,U,U,U,U,,"a2618780, coa26b, gen26b",,,,North Pacific Ocean,,,,,,,
18835,Coal Harbor,18080,CANADA WEST COAST,CA,Canada,"50°36'00""N","127°35'00""W",Sailing Directions Pub. 154 (Enroute) - British Columbia,17493,XII,V,CN,G,N,N,N,Y,N,19,22,6,,7,,,,Y,Y,N,N,U,,,U,U,U,U,U,Y,U,Y,U,U,U,Y,Y,U,U,U,U,U,U,N,U,U,U,U,U,U,U,U,U,U,U,U,Y,Y,Y,Y,U,Y,C,U,S,U,U,UNK,U,U,N,U,U,U,U,{B3BF84AF-AB85-4613-B481-B4A5BBA8CBC1},U,U,U,U,U,U,U,U,U,U,U,U,CA CAU,"coa26b, gen26b",,,,North Pacific Ocean,,,,,,,
2960,Cobourg,2820,CANADA LAKE ONTARIO,CA,Canada,"43°57'00""N","78°10'00""W",U.S. Coast Pilot 6 - Great Lakes and their connecting waterways,,IV,S,CB,E,N,N,Y,Y,U,3,6,3,2,0,,,,U,U,Y,Y,Y,,,N,N,U,Y,U,U,U,U,Y,U,Y,Y,U,U,U,U,Y,U,U,N,U,U,U,U,U,U,U,U,U,U,U,U,Y,U,Y,Y,U,U,C,U,U,N,U,UNK,U,U,U,U,U,U,U,{4A34DB9E-7DE4-4C3C-B369-01154C27B7EB},U,U,U,U,U,U,U,U,U,U,U,U,CA CBG,h1802740,,,,Lake Ontario; Great Lakes,,,,,,,
3900,Collingwood,3640,CANADA LAKE HURON,CA,Canada,"44°30'00""N","80°14'00""W",U.S. Coast Pilot 6 - Great Lakes and their connecting waterways,,IV,S,CB,G,N,N,Y,Y,N,6,,6,5,0,,,,N,Y,Y,N,Y,,,U,N,N,N,U,Y,U,U,N,Y,U,Y,U,U,U,U,Y,U,U,N,U,U,U,U,U,U,U,U,U,U,U,U,Y,Y,N,N,Y,Y,A,S,M,N,U,UNK,U,U,N,U,U,U,U,{1F078DDC-45BF-47FB-A559-E3F175D4D41C},U,U,U,U,U,U,U,U,U,U,U,U,CA COL,h1802740,,,,Lake Huron; Great Lakes,,,,,,,
18460,Comox Harbor,18080,CANADA WEST COAST,CA,Canada,"49°40'00""N","124°55'00""W",Sailing Directions Pub. 154 (Enroute) - British Columbia,17496,XII,S,CN,G,N,N,N,Y,N,13,22,8,2,4,,,,N,U,Y,N,Y,,,U,U,U,Y,U,Y,Y,Y,Y,Y,Y,Y,Y,U,U,U,Y,Y,U,N,U,U,U,U,U,U,U,N,Y,N,Y,Y,Y,Y,Y,Y,Y,Y,C,U,U,Y,U,UNK,U,U,Y,U,U,U,U,{5D116603-3E96-468F-A7E2-62DC53ED40C3},U,U,U,U,U,U,U,U,U,U,U,U,CA COX,"a2618150, gen26b, h2618460",,,,Alaska-Canada coastal waters; North Pacific Ocean,,,,,,,
2975,Contrecour,2820,CANADA LAKE ONTARIO,CA,Canada,"45°53'00""N","73°12'00""W",Sailing Directions Pub. 145 (Enroute) - Nova Scotia and the Saint Lawrence,14209,IV,V,RN,U,U,U,U,Y,Y,9,,6,,0,,,,U,U,U,U,U,,,U,U,U,Y,U,U,U,Y,U,Y,Y,Y,U,U,U,U,Y,U,U,U,U,U,U,U,U,U,U,U,U,U,U,U,U,Y,U,U,U,U,U,U,S,Y,U,UNK,U,U,Y,U,U,U,U,{489A2C7C-14EE-4B04-9917-0146C280A312},U,U,U,U,U,U,U,U,U,U,U,U,CA COC,a1802235,,,,Gulf of Saint Lawrence; North Atlantic Ocean,,,,,,,
2620,Cornwall,2545,CANADA ST LAWRENCE R,CA,Canada,"45°01'00""N","74°44'00""W",Sailing Directions Pub. 145 (Enroute) - Nova Scotia and the Saint Lawrence,14756,IV,V,LC,E,U,U,Y,U,Y,8,,8,,0,,,,U,Y,Y,U,Y,,,Y,U,Y,Y,U,Y,U,U,Y,Y,Y,Y,U,U,U,U,U,U,U,N,U,U,U,U,U,U,U,Y,U,U,U,U,Y,Y,Y,Y,U,U,B,U,U,U,U,UNK,U,U,Y,U,U,U,U,{B2CF94CD-E445-4BD9-A4DF-8908263ADADA},U,U,U,U,U,U,U,U,U,U,U,U,CA CWL,h1802742,,,,Lake Ontario; Great Lakes,,,,,,,
2560,Coteau Landing,2545,CANADA ST LAWRENCE R,CA,Canada,"45°15'00""N","74°12'00""W",Sailing Directions Pub. 145 (Enroute) - Nova Scotia and the Saint Lawrence,"14193, 14195",IV,V,LC,E,U,U,Y,U,Y,3,3,3,,0,,,,U,U,U,U,Y,,,U,U,Y,U,U,U,U,U,U,U,U,Y,U,Y,U,U,U,U,U,U,U,U,U,U,U,U,U,U,U,U,U,U,U,U,U,U,U,U,U,M,U,U,U,UNK,U,U,U,U,U,U,U,{5BC54642-6A59-4F0A-B59C-1484DB887098},U,U,U,U,U,U,U,U,U,U,U,U,CA CQA,"a1802550, h1802742",,,,Lake Ontario; Great Lakes,Coteau Du Lac,,,,,,
3670,Courtright,3640,CANADA LAKE HURON,CA,Canada,"42°49'00""N","82°28'00""W",U.S. Coast Pilot 6 - Great Lakes and their connecting waterways,14853,IV,V,RN,E,N,N,Y,N,N,6,6,3,,0,,,,N,N,N,N,Y,,,U,N,N,N,U,U,U,U,N,N,Y,Y,U,U,U,U,N,U,U,N,U,U,U,U,U,U,U,U,U,U,U,U,N,Y,N,N,N,N,N,U,U,N,U,UNK,U,U,N,U,U,U,U,{F8CEC6B3-DB30-45A3-AE1F-A871FE6F67BB},U,U,U,U,U,U,U,U,U,U,U,U,CA CRR,h1802740,,,,Lake Saint Clair; Great Lakes,,,,,,,
18580,Cowichan Bay,18080,CANADA WEST COAST,CA,Canada,"48°45'00""N","123°37'00""W",Sailing Directions Pub. 154 (Enroute) - British Columbia,18461,XII,V,CN,F,N,N,N,Y,N,9,23,8,,2,,,,Y,Y,Y,N,Y,,,U,U,Y,Y,U,Y,U,Y,U,U,Y,Y,Y,U,U,U,Y,Y,U,N,U,U,U,U,U,U,U,Y,U,U,U,U,Y,Y,Y,Y,U,U,C,U,U,Y,U,UNK,U,U,Y,U,U,U,U,{7314313E-237E-4F51-B89E-9731759DF14F},U,U,U,U,U,U,U,U,U,U,U,U,CA CCB,"a2618660, gen26b, h2618580",,,,Alaska-Canada coastal waters; North Pacific Ocean,,,,,,,
18570,Crofton,18080,CANADA WEST COAST,CA,Canada,"48°52'00""N","123°38'00""W",Sailing Directions Pub. 154 (Enroute) - British Columbia,18442,XII,V,CN,F,N,N,N,Y,N,,23,11,,4,,,,Y,Y,Y,N,Y,,,U,U,Y,Y,U,Y,Y,U,Y,U,Y,Y,Y,U,U,U,Y,Y,U,N,N,N,N,U,U,U,U,Y,N,N,Y,Y,Y,Y,N,Y,N,N,C,U,U,Y,U,UNK,U,U,Y,U,U,U,U,{4D5CD760-F2E7-4AC1-90CC-3D73A2E855CA},U,U,U,U,U,U,U,U,U,U,U,U,CA CRO,"a2618520, gen26b, h2618570",,,,Alaska-Canada coastal waters; North Pacific Ocean,,,,,,,
2480,Cumberland,2270,OTTAWA RIVER,CA,Canada,"45°31'00""N","75°24'00""W",Sailing Directions Pub. 145 (Enroute) - Nova Scotia and the Saint Lawrence,,IV,V,RN,E,U,U,Y,U,U,2,2,2,,0,,,,U,U,U,U,U,,,U,U,U,U,U,U,U,U,U,U,U,Y,U,U,U,U,U,U,U,U,U,U,U,U,U,U,U,U,U,U,U,U,U,U,U,U,U,U,U,U,U,U,U,UNK,U,U,U,U,U,U,U,{0B80B01E-6AB6-4516-B4E5-94F93A9601AC},U,U,U,U,U,U,U,U,U,U,U,U,CA OCL,h1802741,,,,Lake Ontario; Great Lakes,,,,,,,
5560,Dalhousie,5555,NEW BRUNSWICK,CA,Canada,"48°04'00""N","66°22'00""W",Sailing Directions Pub. 145 (Enroute) - Nova Scotia and the Saint Lawrence,,IV,S,OR,F,N,N,Y,Y,N,9,11,9,9,2,,,,Y,Y,Y,N,N,,,Y,N,N,Y,U,Y,Y,Y,U,Y,Y,Y,U,U,U,U,Y,U,U,N,U,Y,U,U,U,U,U,U,Y,U,U,U,Y,Y,Y,Y,U,U,C,M,U,U,U,UNK,U,U,Y,U,U,U,U,{7F58A1AD-4F9E-4D9E-BCA7-3EC82556BE2E},U,U,U,U,U,U,U,U,U,U,U,U,CA DHS,"a1805560, coa18c, gen18b, h1805560",,,,Gulf of Saint Lawrence; North Atlantic Ocean,,,,,,,
4020,Depot Harbour,3640,CANADA LAKE HURON,CA,Canada,"45°19'00""N","80°06'00""W",U.S. Coast Pilot 6 - Great Lakes and their connecting waterways,,IV,V,CN,E,U,U,Y,N,U,6,6,6,,0,,,,Y,N,N,N,Y,,,U,N,N,Y,U,U,U,U,U,U,Y,Y,U,U,U,U,U,U,U,N,U,U,U,U,U,U,U,U,U,U,U,U,Y,Y,U,U,U,U,U,U,U,Y,U,UNK,U,U,Y,U,U,U,U,{21DB5AE5-9E67-4B0A-801F-3D3BBE19C9C8},U,U,U,U,U,U,U,U,U,U,U,U,,h1802740,,,,Lake Huron; Great Lakes,,,,,,,
4250,Desbarats,3640,CANADA LAKE HURON,CA,Canada,"46°20'00""N","83°55'00""W",U.S. Coast Pilot 6 - Great Lakes and their connecting waterways,14883,IV,V,RN,E,N,N,Y,Y,Y,2,2,2,,0,,,,Y,N,N,N,Y,,,U,N,N,Y,U,U,U,U,U,U,Y,U,U,U,U,U,U,U,U,N,U,U,U,U,U,U,U,U,U,U,U,U,U,U,Y,Y,Y,Y,U,U,U,Y,U,UNK,U,U,N,U,U,U,U,{3EEE8F01-5B36-48B2-9982-7C666EA6955C},U,U,U,U,U,U,U,U,U,U,U,U,,gen28a,,,,Lake Huron; Great Lakes,,,,,,,
6470,Digby,6070,NOVA SCOTIA CONT,CA,Canada,"44°37'00""N","65°46'00""W",Sailing Directions Pub. 145 (Enroute) - Nova Scotia and the Saint Lawrence,"14001, 14019",IV,S,CN,E,Y,N,N,Y,U,11,11,22,,7,,,,N,U,Y,N,N,,,Y,Y,N,Y,U,Y,Y,Y,Y,U,Y,Y,U,U,U,U,Y,U,U,N,U,Y,U,U,U,U,U,Y,Y,U,U,U,Y,Y,Y,Y,U,U,C,U,U,U,U,UNK,U,U,Y,U,U,U,U,{04786890-FC3B-4B80-8E8F-AA7A4C41F8F5},U,U,U,U,U,U,U,U,U,U,U,U,CA DIG,"coa18b, gen18a, h1806480",,,,Bay of Fundy; North Atlantic Ocean,,,,,,,
5520,Douglastown,5501,SOUTH SIDE,CA,Canada,"48°46'00""N","64°23'00""W",Sailing Directions Pub. 145 (Enroute) - Nova Scotia and the Saint Lawrence,,IV,V,OR,F,N,N,Y,Y,N,2,19,6,,0,,,,Y,Y,N,N,N,,,U,N,N,Y,U,U,U,U,U,U,Y,U,U,U,U,U,U,U,U,N,U,U,U,U,U,U,U,U,U,U,U,U,U,U,U,U,U,U,U,U,U,Y,U,UNK,U,U,N,U,U,U,U,{07F76EAA-DF13-479E-B6FD-9E6B76770313},U,U,U,U,U,U,U,U,U,U,U,U,,"a1805510, coa18c, gen18b",,,,Gulf of Saint Lawrence; North Atlantic Ocean,,,,,,,
18441,Duncan Bay,18080,CANADA WEST COAST,CA,Canada,"50°04'00""N","125°17'00""W",Sailing Directions Pub. 154 (Enroute) - British Columbia,17497,XII,V,CN,F,N,N,N,Y,N,23,23,9,11,8,,,,Y,Y,N,N,Y,,,Y,U,U,Y,U,Y,Y,Y,U,Y,U,Y,Y,U,U,U,Y,Y,U,N,N,N,N,U,U,U,U,U,Y,U,Y,U,U,Y,Y,Y,N,Y,U,U,U,Y,U,UNK,U,U,Y,U,U,U,U,{2C7741FF-195D-4465-A161-09961A04E335},U,U,U,U,U,U,U,U,U,U,U,U,CA DCN,"a2618422, gen26b",,,,Alaska-Canada coastal waters; North Pacific Ocean,,,,,,,
18680,Esquimalt Harbor,18080,CANADA WEST COAST,CA,Canada,"48°26'00""N","123°26'00""W",Sailing Directions Pub. 154 (Enroute) - British Columbia,18466,XII,S,CN,G,N,N,N,Y,Y,11,11,13,,2,,,,Y,U,Y,N,Y,,,Y,U,Y,Y,U,Y,Y,Y,Y,Y,Y,Y,Y,U,U,U,Y,U,U,N,Y,Y,Y,Y,U,U,Y,Y,Y,Y,Y,Y,Y,Y,Y,Y,Y,Y,A,L,L,Y,U,UNK,U,U,Y,U,U,U,U,{4ED964C5-B149-4F0C-9208-35FC78D376D2},U,U,U,U,U,U,U,U,U,U,U,U,CA ESQ,"a2618670, gen26b, h2618680",,,,Alaska-Canada coastal waters; North Pacific Ocean,,,,,,,
2400,Fassett,2270,OTTAWA RIVER,CA,Canada,"45°39'00""N","74°52'00""W",Sailing Directions Pub. 145 (Enroute) - Nova Scotia and the Saint Lawrence,,IV,V,RN,E,U,U,Y,U,U,2,2,2,,0,,,,U,U,U,U,U,,,U,U,U,U,U,U,U,U,U,U,U,Y,U,U,U,U,U,U,U,U,U,U,U,U,U,U,U,U,U,U,U,U,U,U,U,U,U,U,U,U,U,U,U,UNK,U,U,U,U,U,U,U,{F98F08C4-6E8C-44D8-ACD1-B2DD4E21C65A},U,U,U,U,U,U,U,U,U,U,U,U,CA FSS,h1802742,,,,Lake Ontario; Great Lakes,,,,,,,
18110,Fraser Mills,18080,CANADA WEST COAST,CA,Canada,"49°13'26.93""N","122°51'21.48""W",Sailing Directions Pub. 154 (Enroute) - British Columbia,17499,XII,V,RN,F,N,N,N,Y,Y,,14,8,,4,,,,U,U,Y,N,Y,,,Y,U,Y,Y,U,Y,Y,Y,Y,Y,Y,Y,U,U,U,U,Y,U,U,U,Y,Y,U,U,U,Y,U,U,Y,U,U,U,Y,Y,Y,Y,Y,Y,B,U,U,U,U,UNK,U,U,U,U,U,U,U,{1B2BD3BD-5028-4FBE-A698-50934BFB636F},U,U,U,U,U,U,U,U,U,U,U,U,CA FRR,"a2618150, gen26b, h2618100",,,,Alaska-Canada coastal waters; North Pacific Ocean,,,,,,,
2720,Gananoque,2545,CANADA ST LAWRENCE R,CA,Canada,"44°20'00""N","76°10'00""W",U.S. Coast Pilot 6 - Great Lakes and their connecting waterways,14774,IV,V,RN,E,U,U,Y,U,Y,3,6,5,,0,,,,U,U,U,U,Y,,,U,U,U,Y,U,U,U,U,Y,Y,Y,Y,U,U,U,U,U,U,U,U,U,U,U,U,U,U,U,U,U,U,U,U,Y,Y,Y,Y,Y,Y,U,U,U,U,U,UNK,U,U,U,U,U,U,U,{C13DE5FA-4674-4F7C-A2E3-BB98C0435B63},U,U,U,U,U,U,U,U,U,U,U,U,CA GNE,h1802740,,,,Lake Ontario; Great Lakes,,,,,,,
18600,Ganges,18080,CANADA WEST COAST,CA,Canada,"48°51'00""N","123°29'00""W",Sailing Directions Pub. 154 (Enroute) - British Columbia,18442,XII,V,CN,F,N,N,N,Y,N,11,6,5,,8,,,,Y,U,U,U,U,,,U,Y,U,U,U,Y,U,U,U,Y,U,Y,Y,U,U,U,Y,Y,U,N,U,U,U,U,U,U,Y,U,U,U,U,U,Y,Y,U,Y,U,U,C,U,S,U,U,UNK,U,U,U,U,U,U,U,{AE533195-0313-4961-A977-D7F9B421DF50},U,U,U,U,U,U,U,U,U,U,U,U,CA GGS,"a2618520, gen26b, h2618600",,,,Alaska-Canada coastal waters; North Pacific Ocean,,,,,,,
5150,Gargantua,5120,CANADA LAKE SUPERIOR,CA,Canada,"47°34'00""N","84°58'00""W",U.S. Coast Pilot 6 - Great Lakes and their connecting waterways,,IV,V,CN,G,N,N,Y,Y,N,3,13,2,,0,,,,Y,U,N,N,Y,,,U,N,N,Y,U,U,U,U,U,U,U,Y,U,U,U,U,Y,U,U,N,U,U,U,U,U,U,U,U,U,U,U,U,U,Y,U,U,U,U,U,U,U,Y,U,UNK,U,U,N,U,U,U,U,{426049FD-5E25-4B19-BBBA-336D91220C39},U,U,U,U,U,U,U,U,U,U,U,U,,gen28a,,,,Lake Superior; Great Lakes,,,,,,,
5510,Gaspe,5501,SOUTH SIDE,CA,Canada,"48°50'00""N","64°29'00""W",Sailing Directions Pub. 145 (Enroute) - Nova Scotia and the Saint Lawrence,,IV,S,CN,G,N,N,Y,N,Y,22,6,9,8,2,,,,Y,U,Y,N,N,,,Y,N,Y,Y,U,Y,Y,Y,U,Y,Y,Y,U,U,U,U,Y,U,U,N,U,U,U,U,U,U,U,Y,Y,U,U,U,Y,Y,Y,Y,U,U,C,M,U,Y,U,UNK,U,U,N,U,U,U,U,{E3D90474-FE80-4D5B-BF40-A1BB311CB687},U,U,U,U,U,U,U,U,U,U,U,U,CA GPE,"a1805510, coa18c, gen18b, h1805510",,,,Gulf of Saint Lawrence; North Atlantic Ocean,,,,,,,
2510,Gatineau,2270,OTTAWA RIVER,CA,Canada,"45°29'00""N","75°39'00""W",Sailing Directions Pub. 145 (Enroute) - Nova Scotia and the Saint Lawrence,,IV,V,RN,E,U,U,Y,U,U,0,2,2,,0,,,,U,U,U,U,U,,,U,U,U,U,U,U,U,U,U,U,Y,Y,U,U,U,U,U,U,U,U,U,U,U,U,U,U,U,U,U,U,U,U,U,U,U,U,U,U,U,U,U,U,U,UNK,U,U,U,U,U,U,U,{FA51739A-9C83-453F-ADDD-7E27979C2F25},U,U,U,U,U,U,U,U,U,U,U,U,CA GAT,h1802741,,,,Lake Ontario; Great Lakes,Pointe Gatineau,,,,,,
5740,Georgetown,5705,PRINCE EDWARD ISLAND,CA,Canada,"46°11'00""N","62°32'00""W",Sailing Directions Pub. 145 (Enroute) - Nova Scotia and the Saint Lawrence,14000,IV,S,RN,G,N,N,Y,Y,N,6,8,8,,2,,,,Y,Y,N,U,N,,,U,N,N,Y,U,Y,Y,U,Y,Y,Y,Y,U,U,U,U,Y,U,U,N,U,U,U,N,N,N,U,Y,U,U,U,U,Y,Y,Y,Y,Y,Y,C,U,S,Y,U,UNK,U,U,N,U,U,U,U,{B2252828-EE35-4C32-8AD1-F96AF0D03C11},U,U,U,U,U,U,U,U,U,U,U,U,CA GEO,"a1805705, coa18c, gen18b, h1805740",,,,Gulf of Saint Lawrence; North Atlantic Ocean,,,,,,,
3730,Goderich,3640,CANADA LAKE HURON,CA,Canada,"43°45'00""N","81°44'00""W",U.S. Coast Pilot 6 - Great Lakes and their connecting waterways,14862,IV,S,CB,E,N,N,Y,N,N,6,6,6,,0,,,,Y,Y,Y,N,Y,,,U,U,Y,Y,U,Y,Y,U,U,U,Y,Y,U,U,U,U,Y,U,U,N,U,U,U,U,U,U,U,U,Y,Y,U,U,Y,Y,Y,Y,Y,Y,B,U,U,Y,U,UNK,U,U,U,U,U,U,U,{C15C04C1-431A-4308-AE42-675A7184071A},U,U,U,U,U,U,U,U,U,U,U,U,CA GOH,h1802740,,,,Lake Huron; Great Lakes,,,,,,,
6170,Goldsboro,6070,NOVA SCOTIA CONT,CA,Canada,"45°11'00""N","61°39'00""W",Sailing Directions Pub. 145 (Enroute) - Nova Scotia and the Saint Lawrence,14058,IV,V,CN,G,N,N,Y,Y,U,6,6,5,,4,,,,Y,Y,N,N,N,,,U,N,N,Y,U,U,U,U,U,U,U,Y,U,U,U,U,U,U,U,N,U,U,U,U,U,U,U,U,U,U,U,U,Y,Y,U,Y,U,U,U,U,U,Y,U,UNK,U,U,N,U,U,U,U,{D5BE5FB7-E632-4010-A5F7-3E031E6B9852},U,U,U,U,U,U,U,U,U,U,U,U,CA GBR,"a1806200, coa18b, gen18b, h1806190",,,,North Atlantic Ocean,,,,,,,
4170,Gore Bay,3640,CANADA LAKE HURON,CA,Canada,"45°55'00""N","82°28'00""W",U.S. Coast Pilot 6 - Great Lakes and their connecting waterways,,IV,V,CN,E,N,N,Y,N,N,5,17,5,,0,,,,N,N,N,N,Y,,,U,N,N,Y,U,Y,Y,Y,Y,U,U,Y,U,U,U,U,U,U,U,N,U,U,U,U,U,U,U,U,Y,U,U,U,U,U,Y,Y,Y,Y,C,U,U,Y,U,UNK,U,U,N,U,U,U,U,{AAD0C024-669F-4FC5-8ACC-0BE55D1D1130},U,U,U,U,U,U,U,U,U,U,U,U,CA YZE,"coa28o, gen28a",,,,Lake Huron; Great Lakes,,,,,,,
5130,Goulais Bay,5120,CANADA LAKE SUPERIOR,CA,Canada,"46°44'00""N","84°30'00""W",U.S. Coast Pilot 6 - Great Lakes and their connecting waterways,,IV,V,CN,E,N,N,Y,Y,N,2,17,2,,0,,,,Y,U,N,N,Y,,,U,N,N,Y,U,U,U,U,U,U,U,Y,U,U,U,U,Y,U,U,N,U,U,U,U,U,U,U,U,U,U,U,U,U,Y,U,U,U,U,U,U,U,Y,U,UNK,U,U,N,U,U,U,U,{7580737D-57D8-471F-A11E-0DA6BAE05952},U,U,U,U,U,U,U,U,U,U,U,U,CA 345,gen28a,,,,Lake Superior; Great Lakes,,,,,,,
5970,Grand Narrows,5860,CAPE BRETON ISLAND,CA,Canada,"45°57'00""N","60°47'00""W",Sailing Directions Pub. 145 (Enroute) - Nova Scotia and the Saint Lawrence,,IV,V,CN,E,N,N,Y,Y,U,8,13,3,,0,,,,Y,Y,U,N,Y,,,U,N,N,Y,U,U,U,U,U,U,Y,Y,U,U,U,U,U,U,U,N,U,U,U,U,U,U,U,U,U,U,U,U,U,U,U,U,U,U,U,U,U,Y,U,UNK,U,U,N,U,U,U,U,{A7360A6D-7EA3-479C-BB5B-33352F94DDCF},U,U,U,U,U,U,U,U,U,U,U,U,,"a1805860, coa18b, gen18b",,,,North Atlantic Ocean,,,,,,,
2380,Grenville,2270,OTTAWA RIVER,CA,Canada,"45°38'00""N","74°36'00""W",Sailing Directions Pub. 145 (Enroute) - Nova Scotia and the Saint Lawrence,,IV,V,RN,E,U,U,Y,U,U,2,2,2,,0,,,,U,U,U,U,U,,,U,U,U,U,U,U,U,U,U,U,U,Y,U,U,U,U,U,U,U,U,U,U,U,U,U,U,U,U,U,U,U,U,U,U,U,U,U,U,U,U,U,U,U,UNK,U,U,U,U,U,U,U,{22F81B14-3C3C-4D88-A376-4ED0BD4872AE},U,U,U,U,U,U,U,U,U,U,U,U,CA GRZ,h1802742,,,,Lake Ontario; Great Lakes,,,,,,,
6340,Halifax,6070,NOVA SCOTIA CONT,CA,Canada,"44°39'00""N","63°35'00""W",Sailing Directions Pub. 145 (Enroute) - Nova Scotia and the Saint Lawrence,14048,IV,L,CN,E,N,N,N,N,Y,20,13,16,14,2,,,,Y,Y,Y,Y,Y,,,Y,U,Y,Y,U,Y,Y,Y,Y,Y,Y,Y,U,U,U,U,Y,U,U,Y,Y,Y,Y,Y,Y,Y,Y,Y,Y,U,Y,Y,Y,Y,Y,Y,Y,Y,A,M,L,Y,U,UNK,U,U,Y,U,U,U,U,{6F4B1318-9B9F-4C30-9C3A-C77D8744EF5E},U,U,U,U,U,U,U,U,U,U,U,U,CA HAL,"a1806340, coa18b, gen18b, h1806340",,,,North Atlantic Ocean,,,,,,,
3050,Hamilton,2820,CANADA LAKE ONTARIO,CA,Canada,"43°15'00""N","79°51'00""W",U.S. Coast Pilot 6 - Great Lakes and their connecting waterways,14810,IV,M,CN,E,N,N,Y,Y,Y,8,17,8,6,0,,,,Y,Y,Y,Y,Y,,,U,U,Y,Y,U,Y,Y,Y,Y,Y,Y,Y,U,U,U,U,Y,Y,U,Y,U,Y,Y,U,Y,U,U,Y,U,U,Y,Y,Y,Y,Y,Y,Y,Y,A,U,S,Y,U,UNK,U,U,Y,U,U,U,U,{56CFBB0C-4D21-4A9D-9170-0D5ACD206165},U,U,U,U,U,U,U,U,U,U,U,U,CA HAM,h1802740,,,,Lake Ontario; Great Lakes,,,,,,,
18525,Harmac,18080,CANADA WEST COAST,CA,Canada,"49°08'00""N","123°51'00""W",Sailing Directions Pub. 154 (Enroute) - British Columbia,17499,XII,V,CN,F,Y,N,N,Y,Y,,6,13,9,10,,,,U,U,N,N,U,,,U,U,U,U,U,Y,U,U,Y,U,Y,Y,U,U,U,U,U,U,U,N,U,U,U,U,U,U,U,Y,Y,U,U,U,U,Y,U,U,U,U,U,U,U,U,U,UNK,U,U,N,U,U,U,U,{4FD92CA1-9365-4DF5-81CA-F2DD2D09E35A},U,U,U,U,U,U,U,U,U,U,U,U,CA HMC,"a2618520, gen26b, h2618520",,,,Alaska-Canada coastal waters; North Pacific Ocean,,,,,,,
1890,Havre St Pierre,1871,NORTH SIDE,CA,Canada,"50°14'00""N","63°36'00""W",Sailing Directions Pub. 145 (Enroute) - Nova Scotia and the Saint Lawrence,"14249, 14252",IV,V,CN,G,N,N,Y,Y,N,8,13,8,,2,,,,Y,U,N,N,N,,,U,N,N,Y,U,U,Y,Y,U,U,Y,Y,U,U,U,U,Y,U,U,N,Y,U,U,U,U,U,U,U,U,U,Y,Y,Y,Y,U,U,U,U,C,U,U,U,U,UNK,U,U,N,U,U,U,U,{A43AE437-7C70-4424-852E-4000D756D657},U,U,U,U,U,U,U,U,U,U,U,U,CA HSP,"a1801900, coa18c, gen18b, h1801895",,,,Gulf of Saint Lawrence; North Atlantic Ocean,,,,,,,
2390,Hawkesbury,2270,OTTAWA RIVER,CA,Canada,"45°37'00""N","74°37'00""W",Sailing Directions Pub. 145 (Enroute) - Nova Scotia and the Saint Lawrence,,IV,V,RN,E,U,U,Y,U,U,2,2,2,,0,,,,U,U,U,U,U,,,U,U,U,U,U,U,U,U,U,U,U,Y,U,U,U,U,U,U,U,U,U,U,U,U,U,U,U,U,U,U,U,U,U,U,U,U,U,U,U,U,U,U,U,UNK,U,U,U,U,U,U,U,{AC8D0902-FEDC-4C9A-9F89-FB5143416909},U,U,U,U,U,U,U,U,U,U,U,U,CA HAW,h1802742,,,,Lake Ontario; Great Lakes,,,,,,,
5180,Heron Bay,5120,CANADA LAKE SUPERIOR,CA,Canada,"48°39'00""N","86°19'00""W",U.S. Coast Pilot 6 - Great Lakes and their connecting waterways,,IV,V,CN,F,N,N,Y,Y,N,6,11,6,,0,,,,U,U,N,N,Y,,,U,N,N,Y,U,U,U,U,U,U,Y,Y,U,U,U,U,Y,U,U,N,U,U,U,U,U,U,U,U,U,U,U,U,Y,Y,U,U,U,U,U,U,U,Y,U,UNK,U,U,N,U,U,U,U,{41AAC903-3F03-4245-A6B9-753AAEF8E6E1},U,U,U,U,U,U,U,U,U,U,U,U,CA HBY,gen28a,,,,Lake Superior; Great Lakes,,,,,,,
4240,Hilton,3640,CANADA LAKE HURON,CA,Canada,"46°15'00""N","83°53'00""W",U.S. Coast Pilot 6 - Great Lakes and their connecting waterways,,IV,V,CN,G,N,N,Y,N,N,3,9,3,,0,,,,Y,N,Y,N,Y,,,U,N,N,Y,U,U,U,U,U,U,U,Y,U,U,U,U,U,U,U,N,U,U,U,U,U,U,U,U,U,U,U,U,U,U,Y,Y,Y,Y,U,U,U,Y,U,UNK,U,U,N,U,U,U,U,{66DA527A-EDE3-4478-AD29-24ED846746F4},U,U,U,U,U,U,U,U,U,U,U,U,,gen28a,,,,Lake Huron; Great Lakes,Marksville,,,,,,
4150,Honora,3640,CANADA LAKE HURON,CA,Canada,"45°52'00""N","82°10'00""W",U.S. Coast Pilot 6 - Great Lakes and their connecting waterways,,IV,V,CN,E,N,N,Y,U,U,6,8,2,,0,,,,Y,U,N,N,Y,,,U,N,N,N,U,Y,Y,U,U,U,U,Y,U,U,U,U,U,U,U,N,U,U,U,U,U,U,U,U,U,U,U,U,U,U,U,U,U,U,U,U,U,N,U,UNK,U,U,N,U,U,U,U,{C981EF17-8A01-48BE-85E1-5F5B23F59295},U,U,U,U,U,U,U,U,U,U,U,U,,"coa28o, gen28a",,,,Lake Huron; Great Lakes,,,,,,,
18650,Hope Bay,18080,CANADA WEST COAST,CA,Canada,"48°48'00""N","123°17'00""W",Sailing Directions Pub. 154 (Enroute) - British Columbia,18432,XII,V,CN,F,N,N,N,Y,N,,16,9,,8,,,,Y,U,N,N,U,,,U,U,U,U,U,U,U,U,U,U,U,Y,Y,U,U,U,U,U,U,N,U,U,U,U,U,U,U,U,U,U,U,U,U,U,U,Y,U,U,U,U,U,U,U,UNK,U,U,N,U,U,U,U,{2AE036D9-AADC-4D96-BECE-C709F3E8B6F9},U,U,U,U,U,U,U,U,U,U,U,U,,"a2618060, gen26b, h2618650",,,,Alaska-Canada coastal waters; North Pacific Ocean,,,,,,,
2320,Hudson,2270,OTTAWA RIVER,CA,Canada,"45°28'00""N","74°08'00""W",Sailing Directions Pub. 145 (Enroute) - Nova Scotia and the Saint Lawrence,,IV,V,RN,E,U,U,Y,U,U,2,2,2,,0,,,,U,U,U,U,U,,,U,U,U,U,U,U,U,U,U,U,Y,Y,U,U,U,U,U,U,U,U,U,U,U,U,U,U,U,U,U,U,U,U,U,U,U,U,U,U,U,U,U,U,U,UNK,U,U,U,U,U,U,U,{5BD36179-35AB-4AD0-9971-904FCA8AD737},U,U,U,U,U,U,U,U,U,U,U,U,CA HUD,a1802550,,,,Lake Ontario; Great Lakes,,,,,,,
2530,Hull,2270,OTTAWA RIVER,CA,Canada,"45°26'00""N","75°42'00""W",Sailing Directions Pub. 145 (Enroute) - Nova Scotia and the Saint Lawrence,,IV,V,RN,E,U,U,Y,U,U,2,2,3,,0,,,,U,U,U,U,U,,,U,U,U,U,U,U,U,U,U,U,U,Y,U,U,U,U,U,U,U,U,U,U,U,U,U,U,U,U,U,U,U,U,U,U,U,U,U,U,U,U,U,U,U,UNK,U,U,U,U,U,U,U,{C25B508F-6A5E-4E99-8E72-DA948B8106FA},U,U,U,U,U,U,U,U,U,U,U,U,CA HUL,h1802741,,,,Lake Ontario; Great Lakes,,,,,,,
4160,Kagawong,3640,CANADA LAKE HURON,CA,Canada,"45°55'00""N","82°15'00""W",U.S. Coast Pilot 6 - Great Lakes and their connecting waterways,,IV,V,CN,E,N,N,Y,N,N,6,11,5,,0,,,,U,U,N,N,Y,,,U,N,N,N,U,U,U,U,U,U,U,Y,U,U,U,U,U,U,U,N,U,U,U,U,U,U,U,U,U,U,U,U,U,Y,Y,Y,Y,Y,C,U,U,N,U,UNK,U,U,N,U,U,U,U,{7BE9C524-2393-46DB-AC7F-45205DB0608B},U,U,U,U,U,U,U,U,U,U,U,U,,"coa28o, gen28a",,,,Lake Huron; Great Lakes,,,,,,,
18923,Kemano Bay,18080,CANADA WEST COAST,CA,Canada,"53°29'00""N","128°08'00""W",Sailing Directions Pub. 154 (Enroute) - British Columbia,,XII,V,RB,G,N,N,N,Y,U,23,23,6,,11,,,,U,U,U,U,Y,,,U,U,U,U,U,U,U,U,Y,Y,U,Y,Y,U,U,U,U,U,U,N,U,U,U,U,U,U,U,U,Y,U,U,U,Y,Y,Y,Y,Y,Y,U,U,U,U,U,UNK,U,U,Y,U,U,U,U,{E93819DC-D5F9-4003-A4D2-31A1130AFBC1},U,U,U,U,U,U,U,U,U,U,U,U,,gen26b,,,,Alaska-Canada coastal waters; North Pacific Ocean,,,,,,,
4060,Key Harbour,3640,CANADA LAKE HURON,CA,Canada,"45°53'00""N","80°45'00""W",U.S. Coast Pilot 6 - Great Lakes and their connecting waterways,,IV,V,CN,E,U,U,Y,N,U,5,6,0,,0,,,,N,N,N,N,Y,,,U,N,N,Y,U,U,U,U,U,U,U,Y,U,U,U,U,U,U,U,N,U,U,U,U,U,U,U,U,U,U,U,U,Y,Y,Y,U,Y,Y,C,U,U,Y,U,UNK,U,U,N,U,U,U,U,{5E717096-E5ED-4E36-8CFC-29437EEDC5CB},U,U,U,U,U,U,U,U,U,U,U,U,CA KHO,h1802740,,,,Lake Huron; Great Lakes,,,,,,,
4080,Killarney,3640,CANADA LAKE HURON,CA,Canada,"45°58'00""N","81°31'00""W",U.S. Coast Pilot 6 - Great Lakes and their connecting waterways,,IV,V,CN,E,N,N,Y,N,N,5,2,3,,0,,,,N,N,N,N,Y,,,U,N,N,Y,U,U,U,U,U,U,U,Y,U,U,U,U,U,U,U,N,U,U,U,U,U,U,U,U,U,U,U,U,Y,Y,Y,U,Y,Y,C,U,M,Y,U,UNK,U,U,N,U,U,U,U,{BF255D42-1F64-4562-BEEC-4A410D71D535},U,U,U,U,U,U,U,U,U,U,U,U,CA KLY,"coa28o, gen28a",,,,Lake Huron; Great Lakes,Shebaonaning,,,,,,
2740,Kingston,2545,CANADA ST LAWRENCE R,CA,Canada,"44°14'00""N","76°30'00""W",U.S. Coast Pilot 6 - Great Lakes and their connecting waterways,14760,IV,V,CN,E,U,U,Y,U,U,6,6,5,,0,,,,Y,U,Y,U,Y,,,Y,Y,Y,Y,U,Y,Y,Y,Y,Y,Y,Y,U,U,U,U,Y,U,U,N,Y,U,U,U,U,U,Y,Y,U,U,U,U,Y,Y,Y,Y,Y,Y,B,S,M,U,U,UNK,U,U,U,U,U,U,U,{034EE739-EC54-4070-A6C1-4845755B300F},U,U,U,U,U,U,U,U,U,U,U,U,CA KIN,h1802740,,,,Lake Ontario; Great Lakes,,,,,,,
3360,Kingsville,3240,CANADA LAKE ERIE,CA,Canada,"42°01'00""N","82°44'00""W",U.S. Coast Pilot 6 - Great Lakes and their connecting waterways,14830,IV,V,CB,G,N,N,Y,Y,U,2,3,2,,0,,,,U,U,N,N,Y,,,U,N,N,Y,U,Y,Y,U,U,U,Y,Y,U,U,U,U,U,U,U,N,U,U,U,U,U,U,U,U,U,U,U,U,Y,U,Y,Y,U,U,C,U,U,U,U,UNK,U,U,U,U,U,U,U,{04510B8C-44EB-4ED1-AD06-3ABF54A282BA},U,U,U,U,U,U,U,U,U,U,U,U,CA KVL,coa17d,,,,Lake Erie; Great Lakes,,,,,,,
18925,Kitimat,18080,CANADA WEST COAST,CA,Canada,"54°00'00""N","128°41'00""W",Sailing Directions Pub. 154 (Enroute) - British Columbia,,XII,S,CN,F,Y,Y,N,Y,U,9,11,9,,5,,,,N,N,Y,N,Y,,,U,U,Y,Y,U,U,U,Y,Y,Y,Y,Y,Y,U,U,U,Y,U,U,N,U,U,U,U,U,U,U,Y,Y,U,U,U,Y,Y,Y,Y,U,U,C,U,U,Y,U,UNK,U,U,Y,U,U,U,U,{9E58FDB5-9F7C-40F8-B7CF-6DF9E99CB457},U,U,U,U,U,U,U,U,U,U,U,U,CA KTM,"gen26c, h2618925",,,,Alaska-Canada coastal waters; North Pacific Ocean,,,,,,,
18916,Klemtu,18080,CANADA WEST COAST,CA,Canada,"52°36'00""N","128°31'00""W",Sailing Directions Pub. 154 (Enroute) - British Columbia,17460,XII,V,CN,G,N,N,U,Y,N,14,22,8,5,0,,,,Y,U,N,N,U,,,U,U,U,U,U,U,U,U,Y,U,U,Y,Y,U,U,U,U,U,U,N,U,U,U,U,U,U,U,U,U,U,U,U,U,Y,U,Y,U,U,U,U,U,U,U,UNK,U,U,N,U,U,U,U,{E46BECC4-FB7E-4CD2-9B66-CB1DA0122F8D},U,U,U,U,U,U,U,U,U,U,U,U,CA YKT,"coa26c, gen26b",,,,Alaska-Canada coastal waters; North Pacific Ocean,,,,,,,
2110,La Baie (Port Alfred),1930,CANADA ST LAWRENCE R,CA,Canada,"48°20'00""N","70°53'00""W",Sailing Directions Pub. 145 (Enroute) - Nova Scotia and the Saint Lawrence,,IV,S,RN,G,Y,N,Y,Y,N,9,23,11,9,6,,,,Y,U,Y,N,Y,,,Y,U,Y,U,U,Y,Y,U,Y,U,Y,Y,Y,Y,U,U,Y,U,U,N,U,U,U,U,U,U,U,Y,U,U,U,U,Y,Y,Y,Y,U,U,C,U,U,N,U,UNK,U,U,Y,U,U,U,U,{A3D162BD-20F4-4106-8AA2-9E8C77100292},U,U,U,U,U,U,U,U,U,U,U,U,CA LBA,gen18b,,,,Gulf of Saint Lawrence; North Atlantic Ocean,Port Alfred,,,,,,
20499,Lady Franklin Point,20490,CANADA NORTH COAST,CA,Canada,"68°29'00""N","113°16'00""W",No NGA Sailing Directions (Enroute) Coverage,15955,XVIII,V,CN,F,U,U,Y,Y,U,,6,,,1,,,,U,U,U,U,U,,,U,U,U,U,U,U,U,U,U,Y,U,U,Y,U,U,U,U,U,U,U,U,U,U,U,U,U,U,U,U,U,U,U,U,Y,U,U,U,U,U,U,U,U,U,UNK,U,U,U,U,U,U,U,{DE01D191-D605-45BB-9E9D-9FD2240F81F8},U,U,U,U,U,U,U,U,U,U,U,U,,"coa28j, gen28e",,,,Northwest Passages; Arctic Ocean,,,,,,,
3350,Leamington,3240,CANADA LAKE ERIE,CA,Canada,"42°02'00""N","82°36'00""W",U.S. Coast Pilot 6 - Great Lakes and their connecting waterways,14830,IV,V,OR,P,N,N,Y,Y,N,5,8,5,,0,,,,U,U,Y,N,Y,,,U,N,N,Y,U,Y,Y,U,U,U,U,Y,U,U,U,U,Y,U,U,N,Y,U,U,U,U,U,Y,U,Y,U,U,Y,Y,Y,Y,Y,U,U,C,U,U,U,U,UNK,U,U,Y,U,U,U,U,{6D208BC1-481C-424A-9613-14AE0F2AE74F},U,U,U,U,U,U,U,U,U,U,U,U,CA LMN,coa17d,,,,Lake Erie; Great Lakes,,,,,,,
3790,Lions Head,3640,CANADA LAKE HURON,CA,Canada,"44°59'00""N","81°15'00""W",U.S. Coast Pilot 6 - Great Lakes and their connecting waterways,,IV,V,CB,G,N,N,Y,Y,Y,3,3,3,,0,,,,N,N,N,N,Y,,,U,N,N,N,U,U,U,U,N,N,U,Y,U,U,U,U,Y,U,U,N,U,U,U,U,U,U,U,U,U,U,U,Y,Y,Y,Y,U,U,U,N,U,U,N,U,UNK,U,U,N,U,U,U,U,{5B918B46-FEEE-404B-B528-61917AB3E6EE},U,U,U,U,U,U,U,U,U,U,U,U,,h1802740,,,,Lake Huron; Great Lakes,,,,,,,
5980,Little Bras D Or,5860,CAPE BRETON ISLAND,CA,Canada,"46°15'00""N","60°18'00""W",Sailing Directions Pub. 145 (Enroute) - Nova Scotia and the Saint Lawrence,,IV,V,CN,E,N,N,Y,Y,U,3,6,3,,3,,,,N,N,Y,N,Y,,,Y,N,N,Y,U,U,Y,U,U,U,Y,Y,U,U,U,U,Y,U,U,N,U,U,U,U,U,U,U,U,U,U,U,U,Y,U,U,Y,Y,Y,U,U,U,Y,U,UNK,U,U,N,U,U,U,U,{5988215F-0DE8-4D36-A1EA-ABA237599A40},U,U,U,U,U,U,U,U,U,U,U,U,,"a1805860, coa18b, gen18b, h1805980",,,,North Atlantic Ocean,,,,,,,
4140,Little Current,3640,CANADA LAKE HURON,CA,Canada,"45°59'00""N","81°56'00""W",U.S. Coast Pilot 6 - Great Lakes and their connecting waterways,,IV,S,CN,E,N,N,U,Y,Y,6,6,6,,0,,,,N,N,Y,N,Y,,,U,N,N,Y,U,Y,Y,U,U,U,Y,Y,U,U,U,U,Y,U,U,N,Y,U,U,U,U,U,U,U,Y,U,U,U,Y,Y,Y,Y,Y,Y,C,U,M,Y,U,UNK,U,U,N,U,U,U,U,{270AA2C5-A657-4DBA-8FCD-C1F3ABDFF8A2},U,U,U,U,U,U,U,U,U,U,U,U,CA LIC,"coa28o, gen28a",,,,Lake Huron; Great Lakes,,,,,,,
6410,Liverpool (Brooklyn),6070,NOVA SCOTIA CONT,CA,Canada,"44°02'00""N","64°39'00""W",Sailing Directions Pub. 145 (Enroute) - Nova Scotia and the Saint Lawrence,14001,IV,S,CN,G,N,N,N,Y,U,8,13,8,,2,,,,Y,Y,Y,N,N,,,Y,N,Y,Y,U,Y,Y,U,U,U,Y,Y,U,U,U,U,Y,U,U,N,Y,Y,U,U,Y,U,Y,Y,Y,U,U,U,Y,Y,Y,Y,Y,Y,B,U,L,Y,U,UNK,U,U,Y,U,U,U,U,{B4B6F492-2825-49FA-AA27-32E95A56C9D5},U,U,U,U,U,U,U,U,U,U,U,U,CA BKN,"a1806410, coa18b, gen18b, h1806410",,,,North Atlantic Ocean,Brooklyn,,,,,,
2680,Lower Lakes Terminal,2545,CANADA ST LAWRENCE R,CA,Canada,"44°44'00""N","75°28'00""W",U.S. Coast Pilot 6 - Great Lakes and their connecting waterways,14758,IV,S,RN,E,U,U,U,U,U,8,11,8,,0,,,,U,U,U,U,U,,,U,U,Y,U,U,U,U,U,U,U,Y,Y,U,U,U,U,U,U,U,U,U,Y,U,U,U,U,Y,U,U,U,U,U,U,Y,U,U,U,U,U,L,S,U,U,UNK,U,U,Y,U,U,U,U,{42EF1206-1639-492C-BDB2-B825E81EA789},U,U,U,U,U,U,U,U,U,U,U,U,CA JOH,h1802741,,,,Lake Ontario; Great Lakes,Johnstown,,,,,,
18630,Lyall Harbor,18080,CANADA WEST COAST,CA,Canada,"48°48'00""N","123°12'00""W",Sailing Directions Pub. 154 (Enroute) - British Columbia,18432,XII,V,CN,F,N,N,N,Y,N,,13,8,,0,,,,U,U,N,N,U,,,U,U,U,U,U,Y,U,U,U,U,U,Y,Y,U,U,U,U,U,U,N,U,U,U,U,U,U,U,U,U,U,U,U,U,U,U,Y,U,U,U,U,U,U,U,UNK,U,U,N,U,U,U,U,{D05328C2-9E32-4590-A8CA-AF7187A72511},U,U,U,U,U,U,U,U,U,U,U,U,CA YAJ,"a2618060, gen26b, h2618650",,,,Alaska-Canada coastal waters; North Pacific Ocean,,,,,,,
4120,Manitowaning,3640,CANADA LAKE HURON,CA,Canada,"45°45'00""N","81°48'00""W",U.S. Coast Pilot 6 - Great Lakes and their connecting waterways,,IV,V,CN,E,N,N,Y,N,N,6,5,5,,0,,,,N,N,N,N,Y,,,U,N,N,Y,U,U,U,U,U,U,U,Y,U,U,U,U,Y,U,U,N,U,U,U,U,U,U,U,U,U,U,U,U,Y,U,U,U,U,U,U,U,U,Y,U,UNK,U,U,N,U,U,U,U,{60BDD385-E844-4E9F-86A3-BDC1E21D59F9},U,U,U,U,U,U,U,U,U,U,U,U,CA YEM,"coa28o, gen28a",,,,Lake Huron; Great Lakes,,,,,,,
19000,Masset Harbor,18080,CANADA WEST COAST,CA,Canada,"54°01'00""N","132°09'00""W",Sailing Directions Pub. 154 (Enroute) - British Columbia,17411,XII,V,CN,G,Y,Y,N,Y,N,3,23,6,,3,,,,N,U,U,N,N,,,U,U,U,U,U,Y,U,U,U,Y,U,Y,Y,U,U,U,Y,N,U,N,U,U,U,U,U,U,U,Y,N,N,N,N,Y,Y,Y,Y,Y,Y,U,U,U,U,U,UNK,U,U,N,U,U,U,U,{086E3DE2-73F2-40FD-8B14-B23D6E1B1572},U,U,U,U,U,U,U,U,U,U,U,U,CA MSS,"coa26c, gen26c",,,,Alaska-Canada coastal waters; North Pacific Ocean,,,,,,,
2490,Masson,2270,OTTAWA RIVER,CA,Canada,"45°32'00""N","75°25'00""W",Sailing Directions Pub. 145 (Enroute) - Nova Scotia and the Saint Lawrence,,IV,V,RN,E,U,U,Y,U,U,2,9,2,,0,,,,U,U,U,U,U,,,U,U,U,U,U,U,U,U,U,U,Y,Y,U,U,U,U,U,U,U,U,U,U,U,U,U,U,U,U,U,U,U,U,U,U,U,U,U,U,U,U,U,U,U,UNK,U,U,U,U,U,U,U,{A066F29E-F3A8-4329-9769-AA30427E901A},U,U,U,U,U,U,U,U,U,U,U,U,CA MAS,h1802741,,,,Lake Ontario; Great Lakes,,,,,,,
1990,Matane,1930,CANADA ST LAWRENCE R,CA,Canada,"48°51'00""N","67°32'00""W",Sailing Directions Pub. 145 (Enroute) - Nova Scotia and the Saint Lawrence,14217,IV,V,RN,G,Y,N,Y,Y,N,8,9,9,9,4,,,,Y,Y,N,N,N,,,U,N,N,N,U,Y,Y,Y,U,Y,Y,Y,U,U,U,U,Y,U,U,N,U,Y,U,U,U,U,U,Y,Y,U,U,U,Y,Y,Y,Y,Y,Y,C,U,U,Y,U,UNK,U,U,N,U,U,U,U,{41FEC989-1E16-4C15-82E6-496C59D73C48},U,U,U,U,U,U,U,U,U,U,U,U,CA MNE,"coa18c, gen18b, h1801990",,,,Gulf of Saint Lawrence; North Atlantic Ocean,,,,,,,
3880,Meaford,3640,CANADA LAKE HURON,CA,Canada,"44°37'00""N","80°36'00""W",U.S. Coast Pilot 6 - Great Lakes and their connecting waterways,,IV,V,CB,G,N,N,Y,U,Y,3,9,3,,0,,,,Y,U,N,N,U,,,U,N,N,N,U,U,U,U,N,N,Y,Y,U,U,U,U,Y,U,U,N,U,Y,U,U,U,U,Y,U,U,U,U,U,Y,Y,Y,Y,Y,Y,C,U,U,N,U,UNK,U,U,N,U,U,U,U,{16C4AFE8-D243-42A2-A48F-971B4C6345EA},U,U,U,U,U,U,U,U,U,U,U,U,CA MFD,h1802740,,,,Lake Huron; Great Lakes,,,,,,,
4180,Meldrum Bay,3640,CANADA LAKE HURON,CA,Canada,"45°56'00""N","83°07'00""W",U.S. Coast Pilot 6 - Great Lakes and their connecting waterways,,IV,V,CN,G,N,N,Y,N,N,6,8,3,,0,,,,Y,N,N,N,Y,,,U,N,N,Y,U,U,U,U,U,U,U,Y,U,U,U,U,U,U,U,N,U,U,U,U,U,U,U,U,Y,U,U,U,Y,U,Y,Y,Y,Y,C,U,U,Y,U,UNK,U,U,N,U,U,U,U,{3345857B-EDD8-450C-A6D3-A38655C54F81},U,U,U,U,U,U,U,U,U,U,U,U,CA MDB,gen28a,,,,Lake Huron; Great Lakes,,,,,,,
5160,Michipicoten,5120,CANADA LAKE SUPERIOR,CA,Canada,"47°58'00""N","84°54'00""W",U.S. Coast Pilot 6 - Great Lakes and their connecting waterways,,IV,V,CN,P,N,N,Y,Y,N,6,11,5,,0,,,,U,U,N,N,Y,,,U,N,N,Y,U,U,U,U,U,U,Y,Y,U,U,U,U,Y,U,U,N,U,U,U,U,U,U,U,U,U,U,U,U,Y,Y,Y,Y,Y,Y,U,U,U,U,U,UNK,U,U,N,U,U,U,U,{3BF6E470-947F-4FAD-A5C7-0EC387C38518},U,U,U,U,U,U,U,U,U,U,U,U,CA MIH,gen28a,,,,Lake Superior; Great Lakes,,,,,,,
3940,Midland,3640,CANADA LAKE HURON,CA,Canada,"44°45'00""N","79°55'00""W",U.S. Coast Pilot 6 - Great Lakes and their connecting waterways,,IV,S,CN,E,N,N,Y,Y,N,6,6,6,,0,,,,N,N,Y,N,N,,,N,U,Y,Y,U,Y,Y,U,N,Y,Y,Y,U,U,U,U,Y,U,U,N,Y,U,U,U,U,U,U,Y,Y,U,U,U,Y,Y,Y,Y,Y,Y,U,U,S,N,U,UNK,U,U,N,U,U,U,U,{7995510A-9066-4E40-95F7-4C955580F564},U,U,U,U,U,U,U,U,U,U,U,U,CA MID,h1802740,,,,Lake Huron; Great Lakes,,,,,,,
2830,Millhaven,2820,CANADA LAKE ONTARIO,CA,Canada,"44°12'00""N","76°44'00""W",U.S. Coast Pilot 6 - Great Lakes and their connecting waterways,14802,IV,V,CN,E,N,N,Y,U,U,3,3,2,,0,,,,U,U,U,U,Y,,,U,U,U,U,U,U,U,U,U,U,U,Y,U,U,U,U,U,U,U,U,U,U,U,U,U,U,Y,Y,Y,U,U,U,U,U,U,U,U,U,U,U,U,U,U,UNK,U,U,U,U,U,U,U,{B386CA10-6AFA-45D7-B820-43625A9A0B4C},U,U,U,U,U,U,U,U,U,U,U,U,CA ILL,h1802740,,,,Lake Ontario; Great Lakes,,,,,,,
18140,Mission City,18080,CANADA WEST COAST,CA,Canada,"49°08'47""N","122°15'31""W",Sailing Directions Pub. 154 (Enroute) - British Columbia,,XII,V,RN,G,U,U,U,U,U,,14,3,,4,,,,U,U,U,U,Y,,,U,U,U,U,U,U,U,U,U,U,Y,Y,U,U,U,U,U,U,U,U,Y,U,U,U,U,U,U,U,U,U,U,U,U,U,U,U,U,U,U,U,U,U,U,UNK,U,U,U,U,U,U,U,{A2DEF71D-4804-496C-8760-2B4D39A8B5E6},U,U,U,U,U,U,U,U,U,U,U,U,CA MIB,gen26b,,,,Alaska-Canada coastal waters; North Pacific Ocean,,,,,,,
2420,Montebello,2270,OTTAWA RIVER,CA,Canada,"45°39'00""N","74°56'00""W",Sailing Directions Pub. 145 (Enroute) - Nova Scotia and the Saint Lawrence,,IV,V,RN,E,U,U,Y,U,U,2,2,2,,0,,,,U,U,U,U,U,,,U,U,U,U,U,U,U,U,U,U,U,Y,U,U,U,U,U,U,U,U,U,U,U,U,U,U,U,U,U,U,U,U,U,U,U,U,U,U,U,U,U,U,U,UNK,U,U,U,U,U,U,U,{69465623-F2BB-464F-8BE8-A2F51827F1BF},U,U,U,U,U,U,U,U,U,U,U,U,CA MBO,h1802742,,,,Lake Ontario; Great Lakes,,,,,,,
2235,Montreal,1930,CANADA ST LAWRENCE R,CA,Canada,"45°31'00""N","73°33'00""W",Sailing Directions Pub. 145 (Enroute) - Nova Scotia and the Saint Lawrence,14198,IV,L,RN,G,N,N,Y,U,Y,11,11,9,9,0,,,,Y,Y,Y,Y,Y,,,Y,U,Y,Y,U,Y,Y,Y,Y,Y,Y,Y,U,Y,U,U,Y,Y,U,Y,Y,Y,Y,Y,Y,Y,Y,Y,Y,U,U,U,Y,Y,Y,Y,Y,Y,A,M,U,Y,U,UNK,U,U,Y,U,U,U,U,{921CDE28-914D-4B37-98B8-F951F954C5F1},U,U,U,U,U,U,U,U,U,U,U,U,CA MTR,h1802235,,,,Lake Ontario; Great Lakes,,,,,,,
6330,Musquodoboit Harbour,6070,NOVA SCOTIA CONT,CA,Canada,"44°47'00""N","63°09'00""W",Sailing Directions Pub. 145 (Enroute) - Nova Scotia and the Saint Lawrence,14036,IV,V,CN,E,N,Y,N,Y,U,2,,5,,4,,,,Y,N,N,N,N,,,U,N,N,Y,U,Y,Y,U,U,U,Y,Y,U,U,U,U,U,U,U,N,U,U,U,U,U,U,U,U,U,U,U,U,Y,U,U,U,U,U,U,U,U,U,U,UNK,U,U,N,U,U,U,U,{AB2335D7-3B8B-4C4C-B70E-02BA7E4524E9},U,U,U,U,U,U,U,U,U,U,U,U,CA MUS,"a1806310, coa18b, gen18b",,,,North Atlantic Ocean,,,,,,,
18520,Nanaimo,18080,CANADA WEST COAST,CA,Canada,"49°10'00""N","123°56'00""W",Sailing Directions Pub. 154 (Enroute) - British Columbia,17520,XII,S,CN,G,N,N,N,Y,N,17,23,11,13,5,,,,Y,U,Y,N,Y,,,Y,U,Y,Y,U,Y,Y,Y,Y,Y,Y,Y,Y,U,U,U,Y,Y,U,Y,Y,Y,U,U,Y,Y,U,Y,Y,N,Y,Y,Y,Y,Y,Y,Y,Y,C,U,S,U,U,UNK,U,U,Y,U,U,U,U,{A657E269-AB84-4C20-B0F8-627E306CA66F},U,U,U,U,U,U,U,U,U,U,U,U,CA NNO,"a2618520, gen26b, h2618520",,,,Alaska-Canada coastal waters; North Pacific Ocean,,,,,,,
18518,Nanoose Harbor,18080,CANADA WEST COAST,CA,Canada,"49°16'00""N","124°09'00""W",Sailing Directions Pub. 154 (Enroute) - British Columbia,18404,XII,V,CN,E,U,U,U,U,U,,23,19,,14,,,,Y,Y,N,N,U,,,U,U,U,U,U,Y,U,U,U,U,Y,U,Y,U,U,U,U,U,U,N,U,U,U,U,U,U,U,U,U,U,U,U,U,U,U,U,U,U,U,U,U,U,U,UNK,U,U,N,U,U,U,U,{7253699E-E9F2-48E4-B45E-1F424F95D20B},U,U,U,U,U,U,U,U,U,U,U,U,CA NNE,"a2618150, gen26b, h2618518",,,,Alaska-Canada coastal waters; North Pacific Ocean,,,,,,,
18100,New Westminster,18080,CANADA WEST COAST,CA,Canada,"49°12'00""N","122°55'00""W",Sailing Directions Pub. 154 (Enroute) - British Columbia,17499,XII,M,RN,F,U,U,U,U,Y,9,14,11,8,3,,,,Y,U,Y,U,Y,,,Y,U,Y,Y,U,Y,Y,Y,Y,Y,Y,Y,Y,U,U,U,Y,Y,U,N,Y,Y,U,U,Y,Y,U,Y,Y,N,Y,Y,Y,Y,Y,Y,Y,Y,B,U,M,Y,U,UNK,U,U,Y,U,U,U,U,{EACE0636-C050-4F66-8D87-4E7A78812F59},U,U,U,U,U,U,U,U,U,U,U,U,CA NWE,"a2618150, gen26b, h2618100",,,,Alaska-Canada coastal waters; North Pacific Ocean,,,,,,,
3100,Niagara,2820,CANADA LAKE ONTARIO,CA,Canada,"43°15'00""N","79°04'00""W",U.S. Coast Pilot 6 - Great Lakes and their connecting waterways,14816,IV,V,RN,E,N,N,Y,Y,Y,5,13,9,,0,,,,U,U,Y,N,Y,,,U,N,N,U,U,U,U,U,U,U,Y,Y,U,U,U,U,U,U,U,N,U,U,Y,U,U,U,Y,U,U,U,U,U,U,U,U,U,U,U,U,U,U,U,U,UNK,U,U,Y,U,U,U,U,{DBF8513E-90F2-496B-911D-C428CEDA60C0},U,U,U,U,U,U,U,U,U,U,U,U,CA NOL,h1802740,,,,Lake Ontario; Great Lakes,,,,,,,
5990,North Sydney,5860,CAPE BRETON ISLAND,CA,Canada,"46°13'00""N","60°15'00""W",Sailing Directions Pub. 145 (Enroute) - Nova Scotia and the Saint Lawrence,,IV,S,CN,E,N,N,Y,Y,U,11,11,9,,3,,,,Y,Y,Y,N,Y,,,N,N,N,Y,U,Y,U,U,Y,Y,Y,Y,U,U,U,U,Y,U,U,N,U,U,U,U,U,U,U,U,U,U,U,U,Y,Y,Y,Y,U,U,C,U,M,Y,U,UNK,U,U,N,U,U,U,U,{86BB83D7-A068-4D73-8DD5-8C171442FE45},U,U,U,U,U,U,U,U,U,U,U,U,CA NSY,"a1806000, coa18b, gen18b",,,,North Atlantic Ocean,,,,,,,
3020,Oakville,2820,CANADA LAKE ONTARIO,CA,Canada,"43°26'00""N","79°40'00""W",U.S. Coast Pilot 6 - Great Lakes and their connecting waterways,14810,IV,V,CB,E,N,N,Y,Y,Y,2,3,3,8,0,,,,U,U,Y,Y,Y,,,U,U,U,Y,U,Y,U,U,U,Y,Y,Y,U,U,U,U,Y,U,U,Y,U,U,U,U,U,U,U,N,U,U,U,U,Y,Y,Y,Y,U,U,C,U,U,U,U,UNK,U,U,Y,U,U,U,U,{B51C101B-62E3-4EA4-A6EB-48C2C9A4CC89},U,U,U,U,U,U,U,U,U,U,U,U,CA OAJ,h1802740,,,,Lake Ontario; Great Lakes,,,,,,,
2310,Oka Sur Le Lac,2270,OTTAWA RIVER,CA,Canada,"45°28'00""N","74°05'00""W",Sailing Directions Pub. 145 (Enroute) - Nova Scotia and the Saint Lawrence,,IV,V,RN,E,U,U,Y,U,U,2,2,2,,0,,,,U,U,U,U,U,,,U,U,U,U,U,U,U,U,U,U,Y,Y,U,U,U,U,U,U,U,U,U,U,U,U,U,U,U,U,U,U,U,U,U,U,U,U,U,U,U,U,U,U,U,UNK,U,U,U,U,U,U,U,{C6A15E1A-4B92-493E-B523-DBC243766F31},U,U,U,U,U,U,U,U,U,U,U,U,CA OKA,a1802550,,,,Lake Ontario; Great Lakes,,,,,,,
2980,Oshawa,2820,CANADA LAKE ONTARIO,CA,Canada,"43°52'00""N","78°49'00""W",U.S. Coast Pilot 6 - Great Lakes and their connecting waterways,14810,IV,S,CB,E,N,N,Y,Y,U,8,8,6,,0,,,,U,Y,Y,N,Y,,,N,Y,U,Y,U,U,Y,Y,N,Y,Y,Y,U,U,U,U,Y,U,U,N,U,Y,U,Y,U,Y,U,Y,Y,Y,Y,Y,Y,Y,Y,Y,Y,Y,C,U,U,N,U,UNK,U,U,U,U,U,U,U,{173AAAB5-4726-4092-AA5C-2FC3E003F70C},U,U,U,U,U,U,U,U,U,U,U,U,CA OSH,h1802740,,,,Lake Ontario; Great Lakes,,,,,,,
2520,Ottawa,2270,OTTAWA RIVER,CA,Canada,"45°26'00""N","75°42'00""W",Sailing Directions Pub. 145 (Enroute) - Nova Scotia and the Saint Lawrence,,IV,S,RN,E,U,U,Y,U,U,2,9,3,,0,,,,U,U,U,U,U,,,U,U,U,U,U,Y,Y,Y,Y,Y,Y,Y,U,U,U,U,U,U,U,U,U,U,U,U,U,U,U,U,U,U,U,U,Y,Y,U,Y,Y,Y,B,U,U,U,U,UNK,U,U,U,U,U,U,U,{B9239EFC-3F2C-40BF-95D1-DE37A783E5EA},U,U,U,U,U,U,U,U,U,U,U,U,CA OTT,h1802741,,,,Lake Ontario; Great Lakes,,,,,,,
3860,Owen Sound,3640,CANADA LAKE HURON,CA,Canada,"44°35'00""N","80°56'00""W",U.S. Coast Pilot 6 - Great Lakes and their connecting waterways,,IV,S,RN,E,N,N,Y,Y,Y,6,11,6,,0,,,,Y,Y,Y,N,N,,,U,N,N,N,U,U,U,U,N,Y,Y,Y,U,U,U,U,Y,U,U,N,U,U,U,U,U,U,U,Y,U,U,U,U,Y,Y,U,Y,Y,Y,U,U,S,N,U,UNK,U,U,N,U,U,U,U,{0DA025F2-978D-448D-BDF4-93B889FBE200},U,U,U,U,U,U,U,U,U,U,U,U,CA OWS,h1802740,,,,Lake Huron; Great Lakes,,,,,,,
1035,Padloping Island,1010,BAFFIN ISLAND,CA,Canada,"67°02'00""N","62°44'00""W",No NGA Sailing Directions (Enroute) Coverage,,XVIII,V,CN,F,U,Y,Y,U,U,23,23,2,,0,,,,U,U,U,U,U,,,U,U,U,U,U,U,U,U,U,U,U,Y,U,U,U,U,U,U,U,U,U,U,U,U,U,U,U,U,U,U,U,U,U,U,U,U,U,U,U,U,U,U,U,UNK,U,U,U,U,U,U,U,{55D2D18C-59B6-4DD1-B626-DA9A06A78F0D},U,U,U,U,U,U,U,U,U,U,U,U,,"coa28m, gen28b",,,,Baffin Bay; Arctic Ocean,,,,,,,
1040,Pangnirtung,1010,BAFFIN ISLAND,CA,Canada,"66°08'00""N","65°45'00""W",No NGA Sailing Directions (Enroute) Coverage,,IV,V,CN,F,U,U,Y,Y,U,23,23,,,15,,,,U,U,U,U,N,,,U,U,U,U,U,Y,U,U,Y,Y,U,U,Y,U,Y,U,Y,U,U,U,Y,Y,U,U,U,U,U,U,U,U,U,U,U,U,U,U,U,U,U,U,U,U,U,UNK,U,U,U,U,U,U,U,{097DFF2B-23EC-42E6-A589-8D847A597595},U,U,U,U,U,U,U,U,U,U,U,U,CA PNT,"coa28m, gen28f",,,,Cumberland Sound; Labrador Sea; North Atlantic Ocean,,,,,,,
2430,Papineauville,2270,OTTAWA RIVER,CA,Canada,"45°37'00""N","75°01'00""W",Sailing Directions Pub. 145 (Enroute) - Nova Scotia and the Saint Lawrence,,IV,V,RN,E,U,U,Y,U,U,2,2,2,,0,,,,U,U,U,U,U,,,U,U,U,U,U,U,U,U,U,U,Y,Y,U,U,U,U,U,U,U,U,U,U,U,U,U,U,U,U,U,U,U,U,U,U,U,U,U,U,U,U,U,U,U,UNK,U,U,U,U,U,U,U,{0AB1CF1D-013B-4BBB-8867-A3EE52AF6B13},U,U,U,U,U,U,U,U,U,U,U,U,CA PPV,h1802742,,,,Lake Ontario; Great Lakes,,,,,,,
4030,Parry Sound,3640,CANADA LAKE HURON,CA,Canada,"45°20'00""N","80°02'00""W",U.S. Coast Pilot 6 - Great Lakes and their connecting waterways,,IV,S,CN,E,N,N,N,N,Y,8,13,6,6,0,,,,N,N,Y,N,N,,,U,U,Y,Y,U,Y,Y,U,U,Y,U,Y,U,U,U,U,Y,U,U,N,U,U,U,U,U,U,U,Y,U,U,U,U,Y,Y,U,Y,U,U,C,U,M,U,U,UNK,U,U,Y,U,U,U,U,{336C07D5-DF4D-4A5A-8CED-A348F047F6E4},U,U,U,U,U,U,U,U,U,U,U,U,CA PRS,h1802740,,,,Lake Huron; Great Lakes,,,,,,,
20493,Paulatuk,20490,CANADA NORTH COAST,CA,Canada,"69°21'00""N","124°05'00""W",No NGA Sailing Directions (Enroute) Coverage,15934,XVII,S,CN,F,U,U,Y,Y,U,0,,,,2,,,,Y,U,U,U,U,,,U,U,U,U,U,U,U,U,U,U,U,U,Y,U,U,U,U,U,U,U,U,U,U,U,U,U,U,U,U,U,U,U,U,Y,U,U,U,U,U,U,U,U,U,UNK,U,U,U,U,U,U,U,{A5B62827-5DE2-4E0C-B28E-2E47348CD043},U,U,U,U,U,U,U,U,U,U,U,U,CA YPC,"a2720493, coa27g, gen27c",,,,Amundsen Gulf; Northwest Passages; Arctic Ocean,,,,,,,
20494,Pearce Point,20490,CANADA NORTH COAST,CA,Canada,"69°49'00""N","122°45'00""W",No NGA Sailing Directions (Enroute) Coverage,15931,XVII,V,CN,G,U,U,Y,Y,U,,8,,,1,,,,Y,U,U,U,U,,,U,U,U,U,U,U,U,U,U,Y,U,U,Y,U,U,U,U,U,U,U,U,U,U,U,U,U,U,U,U,U,U,U,U,U,U,U,U,U,U,U,U,U,U,UNK,U,U,U,U,U,U,U,{357D1BB4-2B88-44BA-A515-7FFDF5AB3EE8},U,U,U,U,U,U,U,U,U,U,U,U,,"coa27g, gen27c",,,,Amundsen Gulf; Northwest Passages; Arctic Ocean,,,,,,,
3330,Pelee I North Wharf,3240,CANADA LAKE ERIE,CA,Canada,"41°49'00""N","82°40'00""W",U.S. Coast Pilot 6 - Great Lakes and their connecting waterways,14844,IV,V,CN,F,N,N,Y,Y,N,3,5,3,,0,,,,U,U,Y,N,Y,,,U,N,N,Y,U,U,U,U,U,Y,U,Y,U,U,U,U,U,U,U,N,U,U,U,U,U,U,U,U,U,U,U,U,U,U,U,U,U,U,U,U,U,U,U,UNK,U,U,Y,U,U,U,U,{191CE0D6-7300-49EE-A615-6CD221F7B7E2},U,U,U,U,U,U,U,U,U,U,U,U,CA DLM,coa17d,,,,Lake Erie; Great Lakes,,,,,,,
3340,Pelee I West Dock,3240,CANADA LAKE ERIE,CA,Canada,"41°46'00""N","82°41'00""W",U.S. Coast Pilot 6 - Great Lakes and their connecting waterways,14844,IV,V,OR,P,N,N,Y,Y,N,3,5,3,,0,,,,U,U,Y,N,Y,,,U,N,N,Y,U,U,U,U,U,Y,U,Y,U,U,U,U,U,U,U,N,U,U,U,U,U,U,U,U,U,U,U,U,U,U,U,U,U,U,U,U,U,U,U,UNK,U,U,Y,U,U,U,U,{02BD51CE-DE76-4698-A67C-B89B7CA28B1D},U,U,U,U,U,U,U,U,U,U,U,U,,coa17d,,,,Lake Erie; Great Lakes,,,,,,,
3930,Penetanguishene,3640,CANADA LAKE HURON,CA,Canada,"44°46'00""N","79°56'00""W",U.S. Coast Pilot 6 - Great Lakes and their connecting waterways,,IV,V,CN,E,N,N,Y,Y,N,5,9,5,,0,,,,N,N,Y,N,Y,,,U,U,Y,N,U,U,U,U,N,N,Y,U,U,U,U,U,Y,U,U,N,U,U,U,U,U,U,U,U,U,U,U,U,Y,Y,Y,Y,Y,Y,B,U,S,N,U,UNK,U,U,N,U,U,U,U,{58B1E515-48AA-49D6-A746-5BB8B6D59ECB},U,U,U,U,U,U,U,U,U,U,U,U,CA PTH,h1802740,,,,Lake Huron; Great Lakes,,,,,,,
2880,Picton,2820,CANADA LAKE ONTARIO,CA,Canada,"44°01'00""N","77°08'00""W",U.S. Coast Pilot 6 - Great Lakes and their connecting waterways,,IV,V,CN,E,N,N,Y,Y,N,2,3,2,,0,,,,U,U,Y,N,Y,,,U,N,N,Y,U,U,U,U,U,U,Y,Y,U,U,U,U,Y,U,U,N,U,U,U,U,U,U,U,U,Y,U,U,U,Y,Y,Y,Y,U,U,U,U,U,N,U,UNK,U,U,U,U,U,U,U,{4010FBB3-E70A-4B31-8F0F-4F77CF24DBE2},U,U,U,U,U,U,U,U,U,U,U,U,CA PIC,h1802740,,,,Lake Ontario; Great Lakes,,,,,,,
5800,Pictou,5775,NOVA SCOTIA,CA,Canada,"45°40'00""N","62°43'00""W",Sailing Directions Pub. 145 (Enroute) - Nova Scotia and the Saint Lawrence,14000,IV,S,CN,G,N,N,Y,Y,Y,6,8,6,,2,,,,Y,Y,Y,N,Y,,,Y,N,N,Y,U,Y,Y,Y,Y,Y,Y,Y,U,U,U,U,Y,U,U,N,Y,Y,U,U,Y,U,Y,U,Y,Y,U,U,Y,Y,Y,Y,U,U,A,S,L,U,U,UNK,U,U,Y,U,U,U,U,{85290D58-BBB3-464F-B02D-9C5A49BBAD1B},U,U,U,U,U,U,U,U,U,U,U,U,CA PTO,"a1805705, coa18c, gen18b, h1805800",,,,Gulf of Saint Lawrence; North Atlantic Ocean,,,,,,,
3710,Point Edward,3640,CANADA LAKE HURON,CA,Canada,"43°00'00""N","82°25'00""W",U.S. Coast Pilot 6 - Great Lakes and their connecting waterways,"14852, 14853, 14865",IV,S,RN,E,N,N,Y,N,N,6,8,6,,0,,,,Y,U,N,N,Y,,,U,N,N,U,U,Y,U,Y,U,U,U,Y,U,U,U,U,U,U,U,N,U,U,U,U,U,U,U,U,U,U,U,U,Y,Y,Y,Y,N,N,U,U,U,U,U,UNK,U,U,N,U,U,U,U,{AE595DF1-58BB-4A05-9C0B-FEA38E172661},U,U,U,U,U,U,U,U,U,U,U,U,CA PEW,h1802740,,,,Lake Huron; Great Lakes,,,,,,,
1957,Pointe Noire,1930,CANADA ST LAWRENCE R,CA,Canada,"50°10'00""N","66°29'00""W",Sailing Directions Pub. 145 (Enroute) - Nova Scotia and the Saint Lawrence,14249,IV,S,RN,G,N,N,Y,Y,N,23,11,14,,6,,,,Y,Y,N,N,Y,,,U,U,N,U,U,U,U,U,Y,Y,Y,Y,U,U,U,U,Y,U,U,N,Y,Y,Y,U,U,U,Y,Y,U,U,U,U,Y,Y,Y,Y,U,U,C,U,U,N,U,UNK,U,U,Y,U,U,U,U,{B114B26F-B230-4E31-BBCB-D948AE3E8A63},U,U,U,U,U,U,U,U,U,U,U,U,CA PNO,"a1801955, coa18c, gen18b, h1801955",,,,Gulf of Saint Lawrence; North Atlantic Ocean,,,,,,,
20492,Police Point,20490,CANADA NORTH COAST,CA,Canada,"70°11'00""N","124°45'00""W",No NGA Sailing Directions (Enroute) Coverage,15934,XVII,V,CN,F,U,U,Y,Y,U,,14,,,2,,,,U,U,U,U,U,,,U,U,U,U,U,U,U,U,Y,Y,U,U,Y,U,U,U,U,U,U,U,U,U,U,U,U,U,U,U,U,U,U,U,N,Y,N,N,U,U,U,U,U,U,U,UNK,U,U,U,U,U,U,U,{19D9A5B9-5F94-4A5E-BCEF-38851CB23B52},U,U,U,U,U,U,U,U,U,U,U,U,,"a2720492, coa27g, gen27c, h2720492",,,,Amundsen Gulf; Northwest Passages; Arctic Ocean,,,,,,,
18942,Porpoise Harbor,18080,CANADA WEST COAST,CA,Canada,"54°13'00""N","130°17'00""W",Sailing Directions Pub. 154 (Enroute) - British Columbia,17443,XII,V,CN,G,Y,Y,N,Y,N,3,14,9,,16,,,,U,U,Y,N,Y,,,U,U,U,U,U,U,U,U,U,U,Y,Y,Y,U,U,U,Y,U,U,N,U,U,U,U,U,U,U,U,U,U,U,U,U,U,U,Y,U,U,U,U,U,U,U,UNK,U,U,N,U,U,U,U,{181EFD69-D840-4BA0-94E8-C1E283366BBD},U,U,U,U,U,U,U,U,U,U,U,U,,"a2618921, coa26c, gen26c, h2618950",,,,Alaska-Canada coastal waters; North Pacific Ocean,,,,,,,
18730,Port Alberni,18080,CANADA WEST COAST,CA,Canada,"49°14'00""N","124°49'00""W",Sailing Directions Pub. 154 (Enroute) - British Columbia,18400,XII,S,RN,G,N,N,N,Y,N,23,20,13,9,4,,,,Y,Y,Y,N,Y,,,Y,U,Y,Y,U,Y,Y,Y,Y,Y,Y,Y,Y,U,U,U,Y,Y,U,N,Y,Y,U,Y,Y,Y,Y,Y,Y,N,Y,Y,Y,Y,Y,Y,Y,Y,B,U,S,U,U,UNK,U,U,Y,U,U,U,U,{59CF5DFB-78FA-4B17-ABC4-183D3791889C},U,U,U,U,U,U,U,U,U,U,U,U,CA PAB,"gen26b, h2618730",,,,Alaska-Canada coastal waters; North Pacific Ocean,,,,,,,
19030,Port Clements,18080,CANADA WEST COAST,CA,Canada,"53°41'00""N","132°11'00""W",Sailing Directions Pub. 154 (Enroute) - British Columbia,17415,XII,V,CN,F,Y,Y,N,Y,N,0,13,3,,12,,,,Y,U,U,N,N,,,U,U,U,U,U,U,U,U,U,U,U,Y,Y,U,U,U,U,U,U,N,U,U,U,U,U,U,U,U,U,U,U,U,U,U,U,U,U,U,U,U,U,U,U,UNK,U,U,N,U,U,U,U,{1737262E-32E5-4FAA-BECB-58437D8E02BA},U,U,U,U,U,U,U,U,U,U,U,U,CA PCS,"coa26c, gen26b",,,,Alaska-Canada coastal waters; North Pacific Ocean,,,,,,,
3250,Port Colborne,3240,CANADA LAKE ERIE,CA,Canada,"42°53'00""N","79°15'00""W",U.S. Coast Pilot 6 - Great Lakes and their connecting waterways,14777,IV,S,LC,E,N,N,Y,Y,Y,8,23,8,8,0,,,,U,U,Y,N,Y,,,U,N,Y,Y,U,U,U,U,Y,Y,Y,Y,U,U,U,U,Y,U,U,N,U,Y,U,U,U,Y,U,U,Y,U,U,Y,Y,Y,Y,Y,Y,Y,B,L,U,U,U,UNK,U,U,Y,U,U,U,U,{1AADCC61-9B7D-4604-9D31-69A16F34ADED},U,U,U,U,U,U,U,U,U,U,U,U,CA PCO,h1802740,,,,Lake Erie; Great Lakes,,,,,,,
18130,Port Coquitlam,18080,CANADA WEST COAST,CA,Canada,"49°14'00""N","122°46'00""W",Sailing Directions Pub. 154 (Enroute) - British Columbia,18400,XII,V,RN,G,N,N,N,Y,Y,,14,6,,4,,,,U,U,U,U,Y,,,U,U,U,U,U,U,U,U,U,U,Y,Y,U,U,U,U,U,U,U,U,U,U,U,U,U,U,U,U,U,U,U,U,U,U,U,U,U,U,U,U,M,U,U,UNK,U,U,U,U,U,U,U,{9F740C8E-C954-4D0D-911D-87341719FF35},U,U,U,U,U,U,U,U,U,U,U,U,CA PTC,gen26b,,,,Alaska-Canada coastal waters; North Pacific Ocean,,,,,,,
3010,Port Credit,2820,CANADA LAKE ONTARIO,CA,Canada,"43°33'00""N","79°35'00""W",U.S. Coast Pilot 6 - Great Lakes and their connecting waterways,14810,IV,V,CB,E,N,Y,Y,Y,N,2,6,8,,0,,,,U,U,N,Y,Y,,,U,Y,Y,Y,U,Y,U,U,U,Y,Y,Y,U,U,U,U,Y,U,U,N,U,U,U,U,U,Y,U,U,U,U,U,U,Y,Y,Y,Y,Y,Y,C,U,S,N,U,UNK,U,U,Y,U,U,U,U,{CB9E82B3-327E-41F4-9D90-6669B81EA195},U,U,U,U,U,U,U,U,U,U,U,U,CA PCR,h1802740,,,,Lake Ontario; Great Lakes,,,,,,,
2200,Port De Becancour,1930,CANADA ST LAWRENCE R,CA,Canada,"46°24'00""N","72°23'00""W",Sailing Directions Pub. 145 (Enroute) - Nova Scotia and the Saint Lawrence,14212,IV,V,RN,E,N,N,Y,N,N,9,9,9,,0,,,,Y,U,U,U,Y,,,U,U,Y,U,U,U,U,U,U,U,U,Y,U,U,U,U,U,U,U,U,U,U,U,U,U,U,U,U,U,U,U,U,U,U,U,U,U,U,U,U,U,U,U,UNK,U,U,Y,U,U,U,U,{02769C28-7AB5-4ABA-8DD0-36D32225B4AA},U,U,U,U,U,U,U,U,U,U,U,U,CA BEC,"a1802210, h1802205",,,,Gulf of Saint Lawrence; North Atlantic Ocean,,,,,,,
3270,Port Dover,3240,CANADA LAKE ERIE,CA,Canada,"42°47'00""N","80°12'00""W",U.S. Coast Pilot 6 - Great Lakes and their connecting waterways,14838,IV,V,RN,E,N,Y,Y,Y,Y,2,2,2,,0,,,,U,Y,Y,N,Y,,,U,N,N,Y,U,U,U,U,U,U,Y,Y,U,U,U,U,U,U,U,N,U,U,U,U,U,U,U,U,Y,U,U,U,Y,Y,Y,Y,Y,Y,C,U,S,U,U,UNK,U,U,U,U,U,U,U,{378A92CC-48C9-4A94-A1C7-83C0B0C6D389},U,U,U,U,U,U,U,U,U,U,U,U,CA PDV,h1802740,,,,Lake Erie; Great Lakes,,,,,,,
3750,Port Elgin,3640,CANADA LAKE HURON,CA,Canada,"44°26'00""N","81°24'00""W",U.S. Coast Pilot 6 - Great Lakes and their connecting waterways,,IV,V,CB,G,N,N,Y,N,N,3,3,2,,0,,,,Y,Y,N,N,Y,,,U,N,N,N,U,U,U,U,N,N,U,Y,U,U,U,U,Y,U,U,N,U,U,U,U,U,U,U,U,Y,U,U,Y,Y,Y,Y,Y,Y,Y,B,U,U,N,U,UNK,U,U,Y,U,U,U,U,{B99DF070-18E8-4D1A-B864-EF9EA20F73ED},U,U,U,U,U,U,U,U,U,U,U,U,CA PEL,h1802740,,,,Lake Huron; Great Lakes,,,,,,,
5880,Port Hastings,5860,CAPE BRETON ISLAND,CA,Canada,"45°39'00""N","61°24'00""W",Sailing Directions Pub. 145 (Enroute) - Nova Scotia and the Saint Lawrence,14000,IV,V,CN,E,N,N,Y,Y,U,13,17,8,8,3,,,,Y,Y,N,N,N,,,U,N,N,Y,U,U,Y,U,U,U,U,Y,U,U,U,U,U,U,U,N,U,U,U,U,U,U,U,U,U,U,U,U,Y,Y,U,U,U,U,U,U,U,Y,U,UNK,U,U,U,U,U,U,U,{FB5BCCDA-D229-4765-9A63-934ABAE62578},U,U,U,U,U,U,U,U,U,U,U,U,CA PHA,"a1805880, coa18c, gen18b",,,,North Atlantic Ocean,,,,,,,
5870,Port Hawkesbury,5860,CAPE BRETON ISLAND,CA,Canada,"45°37'00""N","61°22'00""W",Sailing Directions Pub. 145 (Enroute) - Nova Scotia and the Saint Lawrence,14000,IV,V,CN,G,N,N,N,Y,Y,5,13,9,23,2,,,,U,Y,Y,N,Y,,,N,Y,Y,Y,U,Y,Y,Y,Y,Y,Y,Y,Y,U,U,U,Y,U,U,N,U,U,U,U,U,U,U,U,U,U,U,U,Y,Y,Y,Y,Y,Y,C,S,M,Y,U,UNK,U,U,Y,U,U,U,U,{67ED56E3-CF54-4602-96FC-C1DE307C8AE2},U,U,U,U,U,U,U,U,U,U,U,U,CA PHW,"a1805880, coa18c, gen18b",,,,North Atlantic Ocean,,,,,,,
2970,Port Hope,2820,CANADA LAKE ONTARIO,CA,Canada,"43°56'00""N","78°17'00""W",U.S. Coast Pilot 6 - Great Lakes and their connecting waterways,,IV,S,CB,E,N,N,Y,Y,U,2,3,5,,0,,,,U,U,Y,Y,Y,,,N,Y,U,U,U,U,U,Y,Y,U,Y,Y,U,U,U,U,Y,U,U,N,U,U,U,U,U,U,U,N,Y,U,U,U,Y,Y,U,U,U,U,U,U,U,U,U,UNK,U,U,U,U,U,U,U,{1C6E966E-58B4-4347-90EF-0498A3A0FF1F},U,U,U,U,U,U,U,U,U,U,U,U,CA OPE,h1802740,,,,Lake Ontario; Great Lakes,,,,,,,
3960,Port Mcnicoll,3640,CANADA LAKE HURON,CA,Canada,"44°45'00""N","79°48'00""W",U.S. Coast Pilot 6 - Great Lakes and their connecting waterways,,IV,V,CN,E,N,N,Y,Y,N,6,6,8,,0,,,,U,U,Y,N,Y,,,U,N,N,Y,U,Y,Y,U,N,N,Y,Y,U,U,U,U,Y,U,U,N,U,U,U,U,U,U,U,Y,U,U,U,U,Y,Y,N,N,Y,Y,U,U,S,Y,U,UNK,U,U,N,U,U,U,U,{E2D9A114-9B25-4D93-ADB0-73910550F19C},U,U,U,U,U,U,U,U,U,U,U,U,,h1802740,,,,Lake Huron; Great Lakes,,,,,,,
18235,Port Mellon,18080,CANADA WEST COAST,CA,Canada,"49°31'00""N","123°29'00""W",Sailing Directions Pub. 154 (Enroute) - British Columbia,17498,XII,V,CN,F,N,N,N,N,N,9,,9,,0,,,,U,U,N,N,Y,,,U,U,Y,Y,U,Y,Y,U,U,U,U,Y,U,U,U,U,U,U,U,N,U,Y,U,U,U,U,U,U,Y,U,U,U,U,Y,U,U,U,U,U,U,U,Y,U,UNK,U,U,Y,U,U,U,U,{18DD5C7A-8769-4E72-BD1C-7BCEFA652E51},U,U,U,U,U,U,U,U,U,U,U,U,CA PML,"a2618150, gen26b, h2618210",,,,Alaska-Canada coastal waters; North Pacific Ocean,,,,,,,
18160,Port Moody,18080,CANADA WEST COAST,CA,Canada,"49°17'00""N","122°53'00""W",Sailing Directions Pub. 154 (Enroute) - British Columbia,18437,XII,V,CN,E,Y,Y,N,Y,Y,9,5,11,8,3,,,,Y,Y,Y,Y,Y,,,Y,U,Y,Y,Y,Y,Y,Y,Y,Y,Y,Y,Y,U,U,U,Y,Y,U,N,Y,Y,Y,Y,U,U,U,Y,Y,N,Y,Y,Y,Y,Y,Y,Y,Y,A,M,L,U,U,UNK,U,U,Y,U,U,U,U,{B9D90D7B-0C4D-45B3-A4C3-D28B966D2A6D},U,U,U,U,U,U,U,U,U,U,U,U,CA PMO,"a2618150, gen26b, h2618150",,,,Alaska-Canada coastal waters; North Pacific Ocean,,,,,,,
18705,Port San Juan,18080,CANADA WEST COAST,CA,Canada,"48°33'00""N","124°26'00""W",Sailing Directions Pub. 154 (Enroute) - British Columbia,18460,XII,V,CN,G,N,N,N,Y,N,9,16,3,,5,,,,U,U,Y,N,U,,,U,U,U,U,U,U,U,U,U,U,U,Y,Y,U,U,U,U,U,U,N,U,U,U,U,U,U,U,U,U,U,U,U,U,U,U,U,U,U,U,U,U,U,U,UNK,U,U,Y,U,U,U,U,{5A2B5109-D6FB-40B7-BD29-2A09E905FD40},U,U,U,U,U,U,U,U,U,U,U,U,,"a2617100, coa26a, gen26b",,,,Alaska-Canada coastal waters; North Pacific Ocean,,,,,,,
4000,Port Severn,3640,CANADA LAKE HURON,CA,Canada,"44°48'00""N","79°43'00""W",U.S. Coast Pilot 6 - Great Lakes and their connecting waterways,,IV,V,RN,E,U,U,Y,N,Y,2,2,2,,0,,,,U,U,N,N,Y,,,U,N,N,Y,U,U,U,U,U,U,U,Y,U,U,U,U,U,U,U,N,U,U,U,U,U,U,U,U,U,U,U,U,U,Y,Y,U,Y,Y,C,U,U,Y,U,UNK,U,U,Y,U,U,U,U,{15F6085D-D338-4D2B-B82B-C0486E71C03C},U,U,U,U,U,U,U,U,U,U,U,U,,h1802740,,,,Lake Huron; Great Lakes,,,,,,,
18960,Port Simpson,18080,CANADA WEST COAST,CA,Canada,"54°34'00""N","130°26'00""W",Sailing Directions Pub. 154 (Enroute) - British Columbia,17411,XII,V,CN,E,Y,Y,N,Y,Y,16,23,9,,16,,,,Y,U,Y,N,Y,,,U,U,U,U,U,U,U,U,Y,U,U,Y,Y,U,U,U,Y,U,U,N,U,U,U,U,U,U,U,U,U,U,U,U,U,Y,U,Y,U,U,U,U,U,U,U,UNK,U,U,Y,U,U,U,U,{FE23154F-D235-4EA6-BD28-C9224C648997},U,U,U,U,U,U,U,U,U,U,U,U,CA PSI,"coa26c, gen26c",,,,Alaska-Canada coastal waters; North Pacific Ocean,,,,,,,
3310,Port Stanley,3240,CANADA LAKE ERIE,CA,Canada,"42°40'00""N","81°12'00""W",U.S. Coast Pilot 6 - Great Lakes and their connecting waterways,,IV,V,RN,G,N,N,Y,N,Y,5,6,5,,0,,,,U,Y,Y,N,Y,,,U,N,N,Y,U,Y,Y,U,Y,U,Y,Y,U,U,U,U,Y,U,U,N,U,U,U,U,Y,U,U,Y,U,U,U,U,Y,Y,Y,Y,Y,Y,B,S,S,U,U,UNK,U,U,Y,U,U,U,U,{DD29A34D-C194-48C3-AD1C-F16D2C0ED9E9},U,U,U,U,U,U,U,U,U,U,U,U,CA PST,h1802740,,,,Lake Erie; Great Lakes,,,,,,,
3070,Port Weller,2820,CANADA LAKE ONTARIO,CA,Canada,"43°14'00""N","79°13'00""W",U.S. Coast Pilot 6 - Great Lakes and their connecting waterways,14777,IV,S,RT,E,N,N,Y,Y,N,8,11,8,6,0,,,,N,N,N,N,Y,,,Y,U,Y,Y,U,Y,Y,Y,Y,U,Y,Y,U,U,U,U,Y,U,U,N,Y,U,U,Y,U,U,Y,U,U,U,Y,Y,U,U,U,Y,U,U,A,L,U,U,U,UNK,U,U,Y,U,U,U,U,{B474C624-94E0-4D65-848A-CB96884505C6},U,U,U,U,U,U,U,U,U,U,U,U,CA PWE,h1802740,,,,Lake Ontario; Great Lakes,,,,,,,
2990,Port Whitby,2820,CANADA LAKE ONTARIO,CA,Canada,"43°51'00""N","78°56'00""W",U.S. Coast Pilot 6 - Great Lakes and their connecting waterways,14810,IV,S,CB,E,N,N,Y,Y,U,2,3,6,0,0,,,,U,U,N,N,Y,,,U,Y,N,Y,U,U,U,U,U,U,Y,Y,U,U,U,U,U,U,U,N,Y,U,U,U,U,Y,U,U,Y,U,U,U,Y,Y,Y,U,U,U,C,S,U,N,U,UNK,U,U,Y,U,U,U,U,{6F00DAE0-4392-42E8-88A5-4314108AE6C5},U,U,U,U,U,U,U,U,U,U,U,U,CA WHI,h1802740,,,,Lake Ontario; Great Lakes,,,,,,,
18340,Powell River,18080,CANADA WEST COAST,CA,Canada,"49°52'00""N","124°32'00""W",Sailing Directions Pub. 154 (Enroute) - British Columbia,17496,XII,S,CB,F,Y,N,N,Y,N,9,,8,9,0,,,,U,U,Y,N,Y,,,U,U,Y,Y,U,Y,Y,Y,Y,Y,Y,Y,Y,U,U,U,Y,Y,U,N,Y,U,U,U,U,Y,U,Y,Y,Y,Y,Y,Y,Y,Y,Y,Y,Y,C,U,U,Y,U,UNK,U,U,Y,U,U,U,U,{E411DCFF-2BD0-4BCC-B6FF-472FB3B885B8},U,U,U,U,U,U,U,U,U,U,U,U,CA POW,"a2618150, gen26b, h2618340",,,,Alaska-Canada coastal waters; North Pacific Ocean,,,,,,,
18950,Prince Rupert,18080,CANADA WEST COAST,CA,Canada,"54°19'00""N","130°20'00""W",Sailing Directions Pub. 154 (Enroute) - British Columbia,17443,XII,M,CN,G,Y,Y,N,Y,Y,23,13,11,9,4,,,,N,U,Y,N,Y,,,Y,Y,Y,Y,Y,Y,Y,Y,Y,Y,Y,Y,Y,U,U,U,Y,Y,U,N,U,Y,Y,U,Y,Y,Y,Y,Y,N,N,Y,Y,Y,Y,Y,Y,Y,C,S,S,Y,U,UNK,U,U,Y,U,U,U,U,{477405FA-4735-4134-8C40-154869A909DE},U,U,U,U,U,U,U,U,U,U,U,U,CA PRR,"coa26c, gen26c, h2618950",,,,Alaska-Canada coastal waters; North Pacific Ocean,,,,,,,
2180,Quebec,1930,CANADA ST LAWRENCE R,CA,Canada,"46°49'00""N","71°13'00""W",Sailing Directions Pub. 145 (Enroute) - Nova Scotia and the Saint Lawrence,14215,IV,M,RN,G,Y,N,Y,Y,N,11,23,16,16,8,,,,Y,Y,Y,Y,Y,,,Y,U,Y,Y,U,Y,Y,Y,Y,Y,Y,Y,U,Y,U,U,Y,U,U,Y,Y,Y,Y,Y,Y,U,Y,Y,Y,U,Y,Y,Y,Y,Y,Y,Y,Y,A,L,U,Y,U,UNK,U,U,Y,U,U,U,U,{E2807CF1-6AC9-413C-8D74-B6409D6A0AEB},U,U,U,U,U,U,U,U,U,U,U,U,CA QUE,"a1802210, h1802180",,,,Gulf of Saint Lawrence; North Atlantic Ocean,,,,,,,
5170,Quebec Harbour,5120,CANADA LAKE SUPERIOR,CA,Canada,"47°42'00""N","85°48'00""W",U.S. Coast Pilot 6 - Great Lakes and their connecting waterways,,IV,V,CN,E,N,N,Y,Y,N,5,11,3,,0,,,,Y,Y,N,N,Y,,,U,N,N,Y,U,U,U,U,U,U,U,Y,U,U,U,U,N,U,U,N,U,U,U,U,U,U,U,U,U,U,U,U,N,N,U,U,U,U,U,U,U,Y,U,UNK,U,U,N,U,U,U,U,{2ED090FC-E03F-48A5-BCBB-D31F4AFFE192},U,U,U,U,U,U,U,U,U,U,U,U,,gen28a,,,,Lake Superior; Great Lakes,,,,,,,
19050,Queen Charlotte,18080,CANADA WEST COAST,CA,Canada,"53°15'00""N","132°05'00""W",Sailing Directions Pub. 154 (Enroute) - British Columbia,17415,XII,V,CN,G,Y,Y,N,Y,N,,17,6,,4,,,,U,U,U,N,N,,,U,U,U,U,U,Y,U,U,U,U,U,Y,Y,U,U,U,Y,U,U,N,U,U,U,U,U,U,U,U,U,U,U,U,U,U,U,U,U,U,U,U,U,U,U,UNK,U,U,N,U,U,U,U,{542CD8F1-5728-494F-A976-21444738399C},U,U,U,U,U,U,U,U,U,U,U,U,CA QCH,"a2619040, coa26c, gen26b, h2619050",,,,Alaska-Canada coastal waters; North Pacific Ocean,,,,,,,
3110,Queenston,2820,CANADA LAKE ONTARIO,CA,Canada,"43°10'00""N","79°04'00""W",U.S. Coast Pilot 6 - Great Lakes and their connecting waterways,14816,IV,V,RN,E,N,N,Y,Y,Y,6,8,3,,0,,,,U,U,N,N,Y,,,U,N,N,U,U,U,U,U,U,U,U,Y,U,U,U,U,U,U,U,N,U,U,U,U,U,U,U,U,U,U,U,U,U,U,U,U,U,U,U,U,U,U,U,UNK,U,U,Y,U,U,U,U,{45108D11-DF24-475D-8543-63DFDF90276B},U,U,U,U,U,U,U,U,U,U,U,U,CA QNS,h1802740,,,,Lake Erie; Great Lakes,,,,,,,
20520,Resolute Bay,20490,CANADA NORTH COAST,CA,Canada,"74°41'00""N","95°54'00""W",No NGA Sailing Directions (Enroute) Coverage,15663,XVIII,V,CN,F,U,U,Y,Y,U,13,5,,,6,,,,N,Y,U,U,U,,,U,U,Y,U,Y,U,U,U,Y,Y,U,U,Y,U,U,U,U,U,U,U,U,Y,U,U,U,U,U,U,U,U,U,U,U,Y,U,U,U,U,U,U,U,U,U,UNK,U,U,U,U,U,U,U,{C0FB5BC4-DCDE-44A7-92F7-0E05D5439259},U,U,U,U,U,U,U,U,U,U,U,U,CA REB,"a2820520, coa28h, gen28e",,,,Viscount Melville Sound; Northwest Passages; Arctic Ocean,,,,,,,
4270,Richards Landing,3640,CANADA LAKE HURON,CA,Canada,"46°18'00""N","84°02'00""W",U.S. Coast Pilot 6 - Great Lakes and their connecting waterways,14883,IV,V,CN,E,N,N,Y,Y,Y,6,6,3,,0,,,,Y,N,Y,N,Y,,,U,N,N,Y,U,U,U,U,U,U,U,Y,U,U,U,U,U,U,U,N,U,U,U,U,U,U,U,U,U,U,U,U,U,U,Y,Y,Y,Y,U,U,U,Y,U,UNK,U,U,N,U,U,U,U,{D3582E82-BC26-42EC-98B5-8869C3B3F534},U,U,U,U,U,U,U,U,U,U,U,U,,gen28a,,,,Lake Huron; Great Lakes,,,,,,,
2030,Rimouski,1930,CANADA ST LAWRENCE R,CA,Canada,"48°27'00""N","68°31'00""W",Sailing Directions Pub. 145 (Enroute) - Nova Scotia and the Saint Lawrence,14217,IV,S,RN,G,N,N,Y,Y,N,5,8,6,5,5,,,,Y,Y,Y,N,N,,,Y,U,N,Y,U,Y,Y,Y,U,Y,Y,Y,U,U,U,U,Y,U,U,N,U,Y,U,U,U,U,U,Y,Y,U,U,U,Y,Y,Y,Y,U,U,C,S,U,Y,U,UNK,U,U,Y,U,U,U,U,{4A07E477-A503-4A0D-8D10-C2D4BAF8501B},U,U,U,U,U,U,U,U,U,U,U,U,CA RIM,"coa18c, gen18b",,,,Gulf of Saint Lawrence; North Atlantic Ocean,,,,,,,
2150,Riviere Du Loup,1930,CANADA ST LAWRENCE R,CA,Canada,"47°50'00""N","69°31'00""W",Sailing Directions Pub. 145 (Enroute) - Nova Scotia and the Saint Lawrence,14219,IV,S,RN,F,N,N,Y,Y,N,2,8,3,,12,,,,Y,U,Y,N,Y,,,Y,U,N,Y,U,U,U,U,U,U,U,Y,U,Y,U,U,U,U,U,N,U,U,U,U,U,U,U,U,U,U,U,U,Y,Y,Y,Y,U,U,C,U,U,N,U,UNK,U,U,Y,U,U,U,U,{1CD5A1EE-09E4-4040-888A-4356C4C71C94},U,U,U,U,U,U,U,U,U,U,U,U,CA RDL,a1802180,,,,Gulf of Saint Lawrence; North Atlantic Ocean,Fraserville,,,,,,
2470,Rockland,2270,OTTAWA RIVER,CA,Canada,"45°33'00""N","75°18'00""W",Sailing Directions Pub. 145 (Enroute) - Nova Scotia and the Saint Lawrence,,IV,V,RN,E,U,U,Y,U,U,2,2,0,,0,,,,U,U,U,U,U,,,U,U,U,U,U,U,U,U,U,U,U,Y,U,U,U,U,U,U,U,U,U,U,U,U,U,U,U,U,U,U,U,U,U,U,U,U,U,U,U,U,U,U,U,UNK,U,U,U,U,U,U,U,{A68B859A-81EA-45D2-958A-BF27BF1EA827},U,U,U,U,U,U,U,U,U,U,U,U,CA ROK,h1802741,,,,Lake Ontario; Great Lakes,,,,,,,
2710,Rockport,2545,CANADA ST LAWRENCE R,CA,Canada,"44°23'00""N","75°56'00""W",U.S. Coast Pilot 6 - Great Lakes and their connecting waterways,14772,IV,V,RN,E,U,Y,U,U,U,3,11,3,,0,,,,U,U,U,U,Y,,,U,U,Y,U,U,U,U,U,U,U,Y,Y,U,U,U,U,U,U,U,U,U,U,U,U,U,U,U,U,U,U,U,U,Y,Y,Y,Y,U,U,U,U,S,U,U,UNK,U,U,U,U,U,U,U,{B1AD98EB-648D-4172-841F-D3E3B78EA376},U,U,U,U,U,U,U,U,U,U,U,U,CA GNN,h1802741,,,,Lake Ontario; Great Lakes,,,,,,,
3320,Rondeau,3240,CANADA LAKE ERIE,CA,Canada,"42°16'00""N","81°54'00""W",U.S. Coast Pilot 6 - Great Lakes and their connecting waterways,,IV,S,CN,F,N,N,Y,Y,N,3,6,6,,0,,,,U,U,Y,N,Y,,,U,N,N,Y,U,Y,Y,U,U,U,Y,Y,U,U,U,U,Y,U,U,N,U,U,U,U,U,U,U,Y,U,U,U,U,Y,Y,Y,Y,Y,Y,B,U,S,U,U,UNK,U,U,Y,U,U,U,U,{1ADE133E-FDC4-406D-AA5D-D67E01EEEA27},U,U,U,U,U,U,U,U,U,U,U,U,CA ENE,coa17d,,,,Lake Erie; Great Lakes,Erieau,,,,,,
20496,Sachs Harbor,20490,CANADA NORTH COAST,CA,Canada,"71°58'00""N","125°15'00""W",No NGA Sailing Directions (Enroute) Coverage,15927,XVII,V,CN,P,U,U,Y,Y,U,,,,,2,,,,U,U,U,U,U,,,U,U,U,U,U,U,U,U,U,Y,U,U,Y,U,U,U,U,U,U,U,U,U,U,U,U,U,U,U,U,U,U,U,U,Y,U,U,U,U,U,U,U,U,U,UNK,U,U,U,U,U,U,U,{F9621E97-03EC-48D6-9E6B-90E45D224D39},U,U,U,U,U,U,U,U,U,U,U,U,CA YSY,"coa27a, gen27c, h2720496",,,,Amundsen Gulf; Northwest Passages; Arctic Ocean,,,,,,,
3700,Sarnia,3640,CANADA LAKE HURON,CA,Canada,"42°59'00""N","82°25'00""W",U.S. Coast Pilot 6 - Great Lakes and their connecting waterways,"14852, 14853",IV,S,RN,E,N,N,Y,N,N,5,8,6,6,0,,,,Y,Y,Y,N,Y,,,U,U,Y,Y,U,Y,Y,Y,Y,Y,Y,Y,U,U,U,U,Y,U,U,Y,U,U,U,U,U,U,U,U,Y,Y,Y,Y,Y,Y,Y,Y,Y,Y,A,U,S,U,U,UNK,U,U,Y,U,U,U,U,{1C571083-DDC6-466E-998B-483F84E6405D},U,U,U,U,U,U,U,U,U,U,U,U,CA SNI,h1802740,,,,Lake Saint Clair; Great Lakes,,,,,,,
4290,Sault Ste Marie,3640,CANADA LAKE HURON,CA,Canada,"46°31'00""N","84°21'00""W",U.S. Coast Pilot 6 - Great Lakes and their connecting waterways,14884,IV,S,RN,E,N,N,Y,Y,Y,5,8,6,6,0,,,,U,U,Y,N,Y,,,U,U,Y,Y,U,Y,Y,U,Y,Y,Y,Y,U,U,U,U,Y,U,U,N,Y,U,U,U,U,U,U,Y,Y,U,Y,Y,Y,Y,Y,Y,Y,Y,A,S,U,U,U,UNK,U,U,Y,U,U,U,U,{2D42DF43-57E6-4377-AE82-AD34F48AED33},U,U,U,U,U,U,U,U,U,U,U,U,CA SSM,gen28a,,,,Lake Superior; Great Lakes,,,,,,,
1955,Sept Iles,1930,CANADA ST LAWRENCE R,CA,Canada,"50°12'00""N","66°23'00""W",Sailing Directions Pub. 145 (Enroute) - Nova Scotia and the Saint Lawrence,14249,IV,M,RN,G,N,N,Y,Y,N,11,11,17,11,10,,,,Y,Y,Y,N,Y,,,U,N,Y,U,U,U,U,Y,Y,Y,Y,U,U,Y,U,U,Y,Y,U,N,Y,Y,U,Y,Y,U,U,U,U,U,U,U,Y,Y,Y,Y,U,U,C,U,U,N,U,UNK,U,U,Y,U,U,U,U,{B809FA4C-8E94-49F0-8474-59C7055A04F8},U,U,U,U,U,U,U,U,U,U,U,U,CA SEI,"a1801955, coa18c, gen18b, h1801955",,,,Gulf of Saint Lawrence; North Atlantic Ocean,Seven Islands,,,,,,
4130,Sheguiandah,3640,CANADA LAKE HURON,CA,Canada,"45°54'00""N","81°55'00""W",U.S. Coast Pilot 6 - Great Lakes and their connecting waterways,,IV,V,CN,E,N,N,Y,N,N,5,5,5,,0,,,,N,N,N,N,Y,,,U,N,N,Y,U,Y,U,U,U,U,U,Y,U,U,U,U,U,U,U,N,U,U,U,U,U,U,U,U,U,U,U,U,U,U,U,U,U,U,U,U,U,Y,U,UNK,U,U,N,U,U,U,U,{F7F52A31-A7FE-44C5-8E49-0A60400128E7},U,U,U,U,U,U,U,U,U,U,U,U,,"coa28o, gen28a",,,,Lake Huron; Great Lakes,,,,,,,
5620,Shippegan,5555,NEW BRUNSWICK,CA,Canada,"47°45'00""N","64°42'00""W",Sailing Directions Pub. 145 (Enroute) - Nova Scotia and the Saint Lawrence,,IV,V,CN,G,N,N,Y,Y,Y,5,3,3,,5,,,,Y,U,N,N,Y,,,Y,N,N,Y,U,Y,Y,N,N,U,Y,Y,U,U,U,U,Y,U,U,N,U,U,U,N,N,N,N,U,Y,U,U,U,Y,N,Y,Y,Y,U,U,U,U,Y,U,UNK,U,U,N,U,U,U,U,{301AC395-22F3-4558-A19A-D8D758708524},U,U,U,U,U,U,U,U,U,U,U,U,CA SHP,"a1805600, coa18c, gen18b, h1805620",,,,Gulf of Saint Lawrence; North Atlantic Ocean,,,,,,,
18660,Sidney,18080,CANADA WEST COAST,CA,Canada,"48°39'00""N","123°23'00""W",Sailing Directions Pub. 154 (Enroute) - British Columbia,18467,XII,V,CN,F,Y,N,Y,Y,Y,,17,5,9,2,,,,Y,U,Y,N,Y,,,U,U,Y,Y,U,Y,Y,Y,U,Y,Y,Y,Y,U,U,U,Y,U,U,N,U,Y,U,U,Y,Y,Y,Y,Y,U,U,Y,Y,Y,U,Y,U,Y,A,L,S,Y,U,UNK,U,U,Y,U,U,U,U,{61888E3C-B3D7-46B5-9B10-810DC7EF9C80},U,U,U,U,U,U,U,U,U,U,U,U,CA SDY,"a2618660, gen26b, h2618660",,,,Alaska-Canada coastal waters; North Pacific Ocean,,,,,,,
18850,Sointula,18080,CANADA WEST COAST,CA,Canada,"50°38'00""N","127°01'00""W",Sailing Directions Pub. 154 (Enroute) - British Columbia,17525,XII,V,CN,F,N,N,N,Y,N,23,17,9,5,3,,,,U,U,N,N,U,,,U,U,U,U,U,Y,U,U,U,Y,U,Y,Y,U,U,U,U,U,U,N,U,U,U,U,U,U,U,U,U,U,U,U,Y,Y,U,Y,U,U,C,U,U,U,U,UNK,U,U,N,U,U,U,U,{0C00A46D-0246-4C6E-87B6-A0DA401C543C},U,U,U,U,U,U,U,U,U,U,U,U,,"a2618875, gen26b",,,,Alaska-Canada coastal waters; North Pacific Ocean,,,,,,,
3660,Sombra,3640,CANADA LAKE HURON,CA,Canada,"42°43'00""N","82°29'00""W",U.S. Coast Pilot 6 - Great Lakes and their connecting waterways,14853,IV,V,RN,E,N,N,Y,N,Y,6,8,3,,0,,,,N,N,N,N,Y,,,U,N,N,N,U,U,U,N,N,U,U,Y,U,U,U,U,U,U,U,N,U,U,U,U,U,U,U,U,U,U,U,U,N,Y,N,N,N,N,N,U,U,N,U,UNK,U,U,N,U,U,U,U,{C9FCF935-5AD8-48D4-8A92-7FB1B2A76C92},U,U,U,U,U,U,U,U,U,U,U,U,CA SOM,h1802740,,,,Lake Saint Clair; Great Lakes,,,,,,,
6220,Sonora,6070,NOVA SCOTIA CONT,CA,Canada,"45°04'00""N","61°55'00""W",Sailing Directions Pub. 145 (Enroute) - Nova Scotia and the Saint Lawrence,14058,IV,V,RN,E,N,N,Y,Y,U,3,3,3,,4,,,,Y,N,N,N,N,,,U,N,N,Y,U,Y,Y,U,U,U,U,Y,U,U,U,U,U,U,U,N,U,U,U,U,U,U,U,U,U,U,U,U,Y,Y,U,U,U,U,U,U,U,Y,U,UNK,U,U,N,U,U,U,U,{2E03C9C9-F571-4525-AE23-F7262A1C2A31},U,U,U,U,U,U,U,U,U,U,U,U,,"a1806200, coa18b, gen18b, h1806220",,,,North Atlantic Ocean,,,,,,,
2220,Sorel,1930,CANADA ST LAWRENCE R,CA,Canada,"46°03'00""N","73°07'00""W",Sailing Directions Pub. 145 (Enroute) - Nova Scotia and the Saint Lawrence,14211,IV,S,RN,G,N,N,Y,Y,Y,11,9,9,,2,,,,Y,Y,Y,N,Y,,,Y,U,Y,Y,U,Y,Y,Y,Y,Y,Y,Y,U,Y,U,U,Y,Y,U,N,Y,Y,U,Y,U,U,Y,Y,Y,U,U,U,Y,Y,Y,Y,Y,Y,A,M,L,Y,U,UNK,U,U,Y,U,U,U,U,{E61C186C-FCFB-4CCF-98BC-B93B6F74508F},U,U,U,U,U,U,U,U,U,U,U,U,CA SOR,"a1802235, h1802220",,,,Gulf of Saint Lawrence; North Atlantic Ocean,,,,,,,
3760,Southampton,3640,CANADA LAKE HURON,CA,Canada,"44°30'00""N","81°23'00""W",U.S. Coast Pilot 6 - Great Lakes and their connecting waterways,,IV,V,CB,P,N,N,Y,N,N,2,3,2,,0,,,,Y,U,Y,N,Y,,,U,N,N,N,U,U,U,U,N,N,U,Y,U,U,U,U,Y,U,U,N,U,U,U,U,U,U,U,U,U,U,U,Y,Y,Y,Y,Y,Y,Y,B,U,U,N,U,UNK,U,U,U,U,U,U,U,{DDB7F88D-BAA5-4B8A-B89B-2AC40E84FF2A},U,U,U,U,U,U,U,U,U,U,U,U,CA SON,h1802740,,,,Lake Huron; Great Lakes,,,,,,,
2600,South Lancaster,2545,CANADA ST LAWRENCE R,CA,Canada,"45°08'00""N","74°30'00""W",Sailing Directions Pub. 145 (Enroute) - Nova Scotia and the Saint Lawrence,14193,IV,V,RN,E,U,U,Y,U,U,2,2,2,,0,,,,U,U,U,U,U,,,U,U,U,U,U,U,U,U,U,U,U,Y,U,U,U,U,U,U,U,U,U,U,U,U,U,U,U,U,U,U,U,U,U,U,U,U,U,U,U,U,U,U,U,UNK,U,U,U,U,U,U,U,{FFEAF1D7-5502-428C-997A-19BB5A0BF41C},U,U,U,U,U,U,U,U,U,U,U,U,CA LCS,h1802742,,,,Lake Ontario; Great Lakes,East Lancaster,,,,,,
18210,Squamish,18080,CANADA WEST COAST,CA,Canada,"49°41'00""N","123°09'00""W",Sailing Directions Pub. 154 (Enroute) - British Columbia,,XII,V,RN,F,N,N,N,N,N,8,23,11,,5,,,,U,U,N,Y,Y,,,U,U,Y,Y,U,Y,Y,Y,Y,U,Y,Y,U,U,U,U,Y,U,U,N,Y,Y,U,Y,Y,Y,U,Y,U,U,U,U,Y,Y,Y,Y,U,U,C,U,M,Y,U,UNK,U,U,Y,U,U,U,U,{09EBD485-5A6C-4B6D-965E-B1FD1FE7276C},U,U,U,U,U,U,U,U,U,U,U,U,CA SQA,"gen26b, h2618210",,,,Alaska-Canada coastal waters; North Pacific Ocean,,,,,,,
2340,St Andrews East,2270,OTTAWA RIVER,CA,Canada,"45°34'00""N","74°20'00""W",Sailing Directions Pub. 145 (Enroute) - Nova Scotia and the Saint Lawrence,,IV,V,RN,E,U,U,Y,U,U,2,2,2,,0,,,,U,U,U,U,U,,,U,U,U,U,U,U,U,U,U,U,Y,Y,U,U,U,U,U,U,U,U,U,U,U,U,U,U,U,U,U,U,U,U,U,U,U,U,U,U,U,U,U,U,U,UNK,U,U,U,U,U,U,U,{8D459CAA-C66F-477C-B8FC-B31BBBAD1088},U,U,U,U,U,U,U,U,U,U,U,U,CA SAE,a1802550,,,,Lake Ontario; Great Lakes,St Andrews,,,,,,
2590,St Anicet,2545,CANADA ST LAWRENCE R,CA,Canada,"45°08'00""N","74°22'00""W",Sailing Directions Pub. 145 (Enroute) - Nova Scotia and the Saint Lawrence,14193,IV,V,RN,E,U,U,Y,U,U,2,3,2,,0,,,,U,U,U,U,U,,,U,U,U,U,U,U,U,U,U,U,U,Y,U,U,U,U,U,U,U,U,U,U,U,U,U,U,U,U,U,U,U,U,U,U,U,U,U,U,U,U,U,U,U,UNK,U,U,U,U,U,U,U,{983A68AF-72FE-48DC-82F0-A1F3C13C2D82},U,U,U,U,U,U,U,U,U,U,U,U,CA AIT,h1802742,,,,Lake Ontario; Great Lakes,,,,,,,
3095,St Catherine,2820,CANADA LAKE ONTARIO,CA,Canada,"43°11'00""N","79°17'00""W",U.S. Coast Pilot 6 - Great Lakes and their connecting waterways,"14806, 14822",IV,V,LC,G,Y,N,N,Y,Y,9,9,6,6,0,,,,Y,U,Y,N,Y,,,U,N,N,Y,U,Y,U,Y,U,Y,U,Y,Y,U,U,U,Y,U,U,N,U,U,U,U,U,U,U,U,U,U,Y,Y,Y,Y,Y,Y,Y,Y,C,U,U,U,U,UNK,U,U,Y,U,U,U,U,{30F866A0-0431-4BDB-A0B9-CF79483BDF20},U,U,U,U,U,U,U,U,U,U,U,U,CA SC4,h1802740,,,,Lake Ontario; Great Lakes,,,,,,,
18090,Steveston,18080,CANADA WEST COAST,CA,Canada,"49°08'00""N","123°11'00""W",Sailing Directions Pub. 154 (Enroute) - British Columbia,17499,XII,V,RN,F,N,N,N,Y,N,10,14,,,2,,,,U,U,U,U,Y,,,U,U,U,U,U,U,U,U,U,U,U,Y,U,U,U,U,U,U,U,N,U,U,U,U,U,U,U,U,U,U,U,U,U,U,U,Y,U,U,U,U,U,U,U,UNK,U,U,U,U,U,U,U,{20E7309C-BC5E-4263-A0AE-AC997C87EDCE},U,U,U,U,U,U,U,U,U,U,U,U,CA SVN,"a2618150, gen26b, h2618100",,,,Alaska-Canada coastal waters; North Pacific Ocean,,,,,,,
18980,Stewart,18080,CANADA WEST COAST,CA,Canada,"55°56'00""N","129°60'00""W",Sailing Directions Pub. 154 (Enroute) - British Columbia,17421,XII,V,CN,P,Y,Y,N,Y,N,,23,8,6,4,,,,Y,U,Y,N,Y,,,U,U,Y,Y,Y,U,Y,Y,Y,Y,U,Y,Y,U,U,U,Y,U,U,N,U,U,U,U,U,U,U,Y,U,U,U,U,Y,Y,N,Y,U,U,U,U,U,Y,U,UNK,U,U,Y,U,U,U,U,{352D209F-3114-4881-BA04-DB7C68A517D4},U,U,U,U,U,U,U,U,U,U,U,U,CA STW,gen26c,,,,Alaska-Canada coastal waters; North Pacific Ocean,,,,,,,
6190,Stormont,6070,NOVA SCOTIA CONT,CA,Canada,"45°13'00""N","61°43'00""W",Sailing Directions Pub. 145 (Enroute) - Nova Scotia and the Saint Lawrence,14058,IV,V,CN,G,N,N,Y,Y,U,17,8,5,,2,,,,Y,Y,N,N,N,,,U,N,N,Y,U,U,Y,U,U,U,U,Y,U,U,U,U,U,U,U,N,U,U,U,U,U,U,U,U,U,U,U,U,U,U,U,U,U,U,U,U,U,Y,U,UNK,U,U,N,U,U,U,U,{E3BEF22F-275A-4173-86E3-0A3515A881CC},U,U,U,U,U,U,U,U,U,U,U,U,CA SMT,"a1806200, coa18b, gen18b, h1806190",,,,North Atlantic Ocean,,,,,,,
2330,St Placide,2270,OTTAWA RIVER,CA,Canada,"45°32'00""N","74°12'00""W",Sailing Directions Pub. 145 (Enroute) - Nova Scotia and the Saint Lawrence,,IV,V,RN,E,U,U,Y,U,U,2,2,0,,0,,,,U,U,U,U,U,,,U,U,U,U,U,U,U,U,U,U,U,Y,U,U,U,U,U,U,U,U,U,U,U,U,U,U,U,U,U,U,U,U,U,U,U,U,U,U,U,U,U,U,U,UNK,U,U,U,U,U,U,U,{C6C8CD9A-723C-42D3-AAA9-5B03B3008A93},U,U,U,U,U,U,U,U,U,U,U,U,CA PLI,a1802550,,,,Lake Ontario; Great Lakes,,,,,,,
2570,St Zotique,2545,CANADA ST LAWRENCE R,CA,Canada,"45°15'00""N","74°15'00""W",Sailing Directions Pub. 145 (Enroute) - Nova Scotia and the Saint Lawrence,"14193, 14195",IV,V,LC,E,U,U,Y,U,U,2,2,2,,0,,,,U,U,U,U,U,,,U,U,U,U,U,U,U,U,U,U,U,Y,U,U,U,U,U,U,U,U,U,U,U,U,U,U,U,U,U,U,U,U,U,U,U,U,U,U,U,U,U,U,U,UNK,U,U,U,U,U,U,U,{DE1B31FB-45B0-4775-840B-49CD8F3BD43A},U,U,U,U,U,U,U,U,U,U,U,U,CA SZT,"a1802550, h1802742",,,,Lake Ontario; Great Lakes,,,,,,,
5770,Summerside,5705,PRINCE EDWARD ISLAND,CA,Canada,"46°24'00""N","63°47'00""W",Sailing Directions Pub. 145 (Enroute) - Nova Scotia and the Saint Lawrence,14096,IV,S,CN,G,N,N,Y,Y,U,6,6,6,,2,,,,Y,N,Y,N,N,,,N,N,N,Y,U,Y,Y,Y,Y,Y,Y,Y,U,U,U,U,Y,U,U,N,U,U,U,U,N,N,N,Y,U,U,U,U,Y,Y,Y,Y,Y,Y,C,U,U,U,U,UNK,U,U,Y,U,U,U,U,{47CA25AB-E1EA-41E4-A17F-EE2ECBCF4CAC},U,U,U,U,U,U,U,U,U,U,U,U,CA SUM,"a1805705, coa18c, gen18b",,,,Gulf of Saint Lawrence; North Atlantic Ocean,,,,,,,
6000,Sydney,5860,CAPE BRETON ISLAND,CA,Canada,"46°09'00""N","60°12'00""W",Sailing Directions Pub. 145 (Enroute) - Nova Scotia and the Saint Lawrence,,IV,M,CN,E,N,N,Y,N,U,11,11,11,11,1,,,,Y,U,Y,N,Y,,,N,N,N,Y,U,Y,Y,Y,Y,Y,Y,Y,U,U,U,U,Y,Y,U,N,Y,Y,U,U,U,Y,Y,Y,Y,U,U,U,Y,Y,Y,Y,Y,Y,B,S,L,Y,U,UNK,U,U,Y,U,U,U,U,{562D036C-6C0C-4350-A759-12C57BAC9994},U,U,U,U,U,U,U,U,U,U,U,U,CA SYD,"a1806020, coa18b, gen18b, h1806000",,,,North Atlantic Ocean,,,,,,,
4220,Thessalon,3640,CANADA LAKE HURON,CA,Canada,"46°15'00""N","83°34'00""W",U.S. Coast Pilot 6 - Great Lakes and their connecting waterways,,IV,V,CB,F,N,N,Y,N,Y,8,9,5,,0,,,,Y,N,Y,N,U,,,U,N,N,Y,U,U,U,U,U,U,U,Y,U,U,U,U,U,U,U,N,U,U,U,U,U,U,U,U,U,U,U,U,U,U,Y,Y,Y,Y,U,U,U,Y,U,UNK,U,U,N,U,U,U,U,{9C88F485-47E7-46FC-9454-3FF655F0EFF4},U,U,U,U,U,U,U,U,U,U,U,U,CA THS,gen28a,,,,Lake Huron; Great Lakes,,,,,,,
3890,Thornbury,3640,CANADA LAKE HURON,CA,Canada,"44°34'00""N","80°27'00""W",U.S. Coast Pilot 6 - Great Lakes and their connecting waterways,,IV,V,CB,G,N,N,Y,Y,Y,3,3,3,,0,,,,N,Y,N,N,Y,,,U,N,N,N,U,U,U,U,N,N,Y,Y,U,U,U,U,Y,U,U,N,U,U,U,U,U,U,U,U,U,U,U,U,U,U,U,U,U,U,U,U,U,N,U,UNK,U,U,N,U,U,U,U,{4F3E87FE-D1ED-4396-B7C9-FA8B65AD5F85},U,U,U,U,U,U,U,U,U,U,U,U,CA TBY,h1802740,,,,Lake Huron; Great Lakes,,,,,,,
3092,Thorold,2820,CANADA LAKE ONTARIO,CA,Canada,"43°05'00""N","79°43'00""W",U.S. Coast Pilot 6 - Great Lakes and their connecting waterways,,IV,S,LC,G,N,N,N,Y,Y,8,,8,,0,,,,N,N,U,U,Y,,,U,N,N,Y,U,Y,U,Y,U,N,U,Y,Y,U,U,U,Y,U,U,N,U,U,U,U,U,U,U,U,U,U,Y,Y,Y,Y,Y,Y,Y,Y,C,U,U,U,U,UNK,U,U,U,U,U,U,U,{3CE235D7-74D8-4294-ADA1-1747492D6C7E},U,U,U,U,U,U,U,U,U,U,U,U,CA THD,h1802740,,,,Lake Ontario; Great Lakes,,,,,,,
5210,Thunder Bay,5120,CANADA LAKE SUPERIOR,CA,Canada,"48°24'00""N","89°14'00""W",U.S. Coast Pilot 6 - Great Lakes and their connecting waterways,,IV,M,CB,E,N,N,Y,Y,N,6,9,6,6,0,,,,Y,Y,Y,N,Y,,,U,U,Y,Y,U,Y,Y,Y,Y,Y,Y,Y,U,U,U,U,Y,U,U,N,U,Y,U,U,Y,U,Y,Y,Y,U,Y,Y,Y,Y,Y,Y,Y,Y,A,M,U,Y,U,UNK,U,U,Y,U,U,U,U,{DDC8CC7D-953D-410F-90DF-5ED12EC165BB},U,U,U,U,U,U,U,U,U,U,U,U,CA THU,gen28a,,,,Lake Superior; Great Lakes,Fort William; Port Arthur,,,,,,
2460,Thurso,2270,OTTAWA RIVER,CA,Canada,"45°36'00""N","75°14'00""W",Sailing Directions Pub. 145 (Enroute) - Nova Scotia and the Saint Lawrence,,IV,V,RN,E,U,U,Y,U,U,2,2,0,,0,,,,U,U,U,U,U,,,U,U,U,U,U,U,U,U,U,U,Y,Y,U,U,U,U,U,U,U,U,U,U,U,U,U,U,U,U,U,U,U,U,U,U,U,U,U,U,U,U,U,U,U,UNK,U,U,U,U,U,U,U,{EE47F870-1B81-4F6A-8B0E-5E13A611CF6C},U,U,U,U,U,U,U,U,U,U,U,U,CA URS,h1802741,,,,Lake Ontario; Great Lakes,,,,,,,
3950,Tiffin,3640,CANADA LAKE HURON,CA,Canada,"44°45'00""N","79°51'00""W",U.S. Coast Pilot 6 - Great Lakes and their connecting waterways,,IV,V,CN,E,N,N,Y,Y,N,6,6,6,,0,,,,Y,Y,Y,N,Y,,,U,N,N,Y,U,U,U,U,N,N,Y,Y,U,U,U,U,U,U,U,N,U,U,U,U,U,U,U,U,U,U,U,U,U,Y,U,U,U,U,U,U,U,N,U,UNK,U,U,N,U,U,U,U,{74BA1903-855D-4B37-8C8F-DC65D8AFEABF},U,U,U,U,U,U,U,U,U,U,U,U,,h1802740,,,,Lake Huron; Great Lakes,,,,,,,
3000,Toronto,2820,CANADA LAKE ONTARIO,CA,Canada,"43°37'00""N","79°23'00""W",U.S. Coast Pilot 6 - Great Lakes and their connecting waterways,14810,IV,M,CN,E,N,Y,Y,Y,Y,8,23,8,8,0,,,,U,U,Y,Y,Y,,,U,U,Y,Y,U,Y,Y,Y,Y,Y,Y,Y,U,U,U,U,Y,U,U,N,Y,U,Y,Y,Y,Y,U,Y,Y,U,Y,Y,Y,Y,Y,Y,Y,Y,B,S,U,Y,U,UNK,U,U,Y,U,U,U,U,{90A098A9-88AB-4ED6-B3AF-29A8373730B9},U,U,U,U,U,U,U,U,U,U,U,U,CA TOR,h1802740,,,,Lake Ontario; Great Lakes,,,,,,,
2940,Trenton,2820,CANADA LAKE ONTARIO,CA,Canada,"44°06'00""N","77°34'00""W",U.S. Coast Pilot 6 - Great Lakes and their connecting waterways,,IV,S,RN,E,N,N,Y,Y,Y,3,3,0,0,0,,,,U,U,Y,N,Y,,,U,U,U,Y,U,U,U,U,U,U,Y,Y,U,U,U,U,U,U,U,N,U,U,U,U,U,U,U,U,U,U,U,U,U,Y,U,Y,Y,Y,C,U,S,N,U,UNK,U,U,U,U,U,U,U,{3A992647-6711-4ED5-9FBB-B01C388F937A},U,U,U,U,U,U,U,U,U,U,U,U,CA TTC,h1802740,,,,Lake Ontario; Great Lakes,,,,,,,
2210,Trois Rivieres,1930,CANADA ST LAWRENCE R,CA,Canada,"46°21'00""N","72°33'00""W",Sailing Directions Pub. 145 (Enroute) - Nova Scotia and the Saint Lawrence,14212,IV,M,RN,G,N,N,Y,Y,Y,11,11,9,5,0,,,,Y,Y,Y,N,Y,,,Y,U,Y,Y,U,Y,Y,Y,Y,Y,Y,Y,U,U,U,U,Y,Y,U,Y,Y,Y,U,Y,U,U,Y,Y,N,N,Y,U,Y,Y,Y,Y,Y,Y,C,U,U,Y,U,UNK,U,U,Y,U,U,U,U,{AFB9916B-8299-4D1D-A0AA-2ACC9CFFE745},U,U,U,U,U,U,U,U,U,U,U,U,CA TRR,"a1802210, h1802210",,,,Gulf of Saint Lawrence; North Atlantic Ocean,Three Rivers,,,,,,
20491,Tuktoyaktuk,20490,CANADA NORTH COAST,CA,Canada,"69°27'00""N","132°60'00""W",No NGA Sailing Directions (Enroute) Coverage,"15939, 15945",XVII,V,CN,F,U,U,Y,Y,U,3,,3,5,1,,,,Y,U,U,U,N,,,U,Y,Y,Y,Y,Y,Y,Y,Y,Y,U,Y,Y,U,U,U,Y,Y,U,N,U,U,U,U,U,U,U,U,U,U,U,U,Y,Y,Y,Y,U,U,A,M,U,Y,U,UNK,U,U,Y,U,U,U,U,{57E465E2-53B5-466F-BA3D-23E87813E473},U,U,U,U,U,U,U,U,U,U,U,U,CA TUK,"coa27g, gen27c, h2720491",,,,Beaufort Sea; Arctic Ocean,,,,,,,
20495,Tysoe Point,20490,CANADA NORTH COAST,CA,Canada,"69°36'00""N","120°45'00""W",No NGA Sailing Directions (Enroute) Coverage,15931,XVII,V,CN,P,U,U,Y,Y,U,,14,,,1,,,,U,U,U,U,U,,,U,U,U,U,U,U,U,U,U,Y,U,U,Y,U,U,U,U,U,U,U,U,U,U,U,U,U,U,U,U,U,U,U,U,U,U,U,U,U,U,U,U,U,U,UNK,U,U,U,U,U,U,U,{C6374345-BBEC-4865-8B28-8BD45CAAE79B},U,U,U,U,U,U,U,U,U,U,U,U,,"coa27g, gen27c, h2720495",,,,Amundsen Gulf; Northwest Passages; Arctic Ocean,,,,,,,
18760,Ucluelet,18080,CANADA WEST COAST,CA,Canada,"48°57'00""N","125°33'00""W",Sailing Directions Pub. 154 (Enroute) - British Columbia,17511,XII,V,CN,F,N,N,N,Y,N,2,6,6,5,3,,,,Y,U,Y,N,Y,,,Y,U,U,U,U,Y,U,Y,Y,U,U,Y,Y,U,U,U,Y,N,U,N,U,U,U,U,U,U,U,N,N,N,N,N,Y,Y,Y,Y,Y,Y,C,U,S,U,U,UNK,U,U,Y,U,U,U,U,{974B034A-CD3B-4B46-B22E-1C10AD7C128F},U,U,U,U,U,U,U,U,U,U,U,U,CA UCL,"a2618730, coa26b, gen26b",,,,North Pacific Ocean,,,,,,,
18150,Vancouver,18080,CANADA WEST COAST,CA,Canada,"49°17'00""N","123°07'00""W",Sailing Directions Pub. 154 (Enroute) - British Columbia,18426,XII,L,CN,E,Y,Y,U,Y,Y,23,23,14,5,4,,,,N,Y,Y,Y,Y,,,Y,Y,Y,Y,Y,Y,Y,Y,Y,Y,Y,Y,Y,U,U,U,Y,Y,U,Y,Y,Y,Y,Y,U,Y,U,Y,Y,N,Y,Y,Y,Y,Y,Y,Y,Y,A,M,L,Y,U,UNK,U,U,Y,U,U,U,U,{1E165C7E-5F33-42C8-814A-29946923377C},U,U,U,U,U,U,U,U,U,U,U,U,CA VAN,"a2618150, gen26b, h2618150",,,,Alaska-Canada coastal waters; North Pacific Ocean,,,,,,,
2300,Vaudreuil,2270,OTTAWA RIVER,CA,Canada,"45°24'00""N","74°02'00""W",Sailing Directions Pub. 145 (Enroute) - Nova Scotia and the Saint Lawrence,,IV,V,RN,E,U,U,Y,U,U,2,2,2,,0,,,,U,U,U,U,U,,,U,U,U,U,U,U,U,U,U,U,Y,Y,U,U,U,U,U,U,U,U,U,U,U,U,U,U,U,U,U,U,U,U,U,U,U,U,U,U,U,U,U,U,U,UNK,U,U,U,U,U,U,U,{2ED4C660-7461-4B08-8F25-45C184C1D17B},U,U,U,U,U,U,U,U,U,U,U,U,CA DON,a1802550,,,,Lake Ontario; Great Lakes,,,,,,,
18670,Victoria Harbor,18080,CANADA WEST COAST,CA,Canada,"48°26'00""N","123°23'00""W",Sailing Directions Pub. 154 (Enroute) - British Columbia,18469,XII,M,CB,G,N,N,N,N,Y,17,23,13,5,2,,,,U,Y,Y,N,Y,,,Y,U,Y,Y,U,Y,Y,Y,Y,Y,Y,Y,U,U,U,U,Y,U,U,N,U,U,U,U,U,U,U,Y,U,U,Y,Y,Y,Y,Y,Y,Y,Y,B,L,M,Y,U,UNK,U,U,Y,U,U,U,U,{12182F97-F4F0-4923-99F3-7FC02FE72376},U,U,U,U,U,U,U,U,U,U,U,U,CA VIC,"a2618670, gen26b, h2618670",,,,Alaska-Canada coastal waters; North Pacific Ocean,,,,,,,
3970,Victoria Harbour,3640,CANADA LAKE HURON,CA,Canada,"44°45'00""N","79°49'00""W",U.S. Coast Pilot 6 - Great Lakes and their connecting waterways,,IV,V,CN,E,N,N,Y,N,N,3,3,3,,0,,,,U,U,N,N,Y,,,U,N,N,Y,U,U,U,U,U,U,Y,Y,U,U,U,U,U,U,U,N,U,U,U,U,U,U,U,U,U,U,U,U,U,Y,Y,U,Y,Y,C,U,U,Y,U,UNK,U,U,Y,U,U,U,U,{DAEA853F-91FB-4CFF-8437-2F8B74F397EF},U,U,U,U,U,U,U,U,U,U,U,U,CA VIH,h1802740,,,,Lake Huron; Great Lakes,,,,,,,
3650,Walpole Island,3640,CANADA LAKE HURON,CA,Canada,"42°37'00""N","82°31'00""W",U.S. Coast Pilot 6 - Great Lakes and their connecting waterways,14853,IV,V,RN,E,N,N,Y,Y,U,6,8,0,,0,,,,N,N,Y,N,Y,,,U,N,N,Y,U,U,U,N,N,Y,U,Y,U,U,U,U,U,U,U,N,U,U,U,U,U,U,U,U,U,U,U,U,N,N,N,N,N,N,N,U,U,Y,U,UNK,U,U,N,U,U,U,U,{458303A3-3416-44AD-BD70-4C0815B5AC2E},U,U,U,U,U,U,U,U,U,U,U,U,,coa17d,,,,Lake Saint Clair; Great Lakes,,,,,,,
3980,Waubaushene,3640,CANADA LAKE HURON,CA,Canada,"44°46'00""N","79°43'00""W",U.S. Coast Pilot 6 - Great Lakes and their connecting waterways,,IV,V,CN,E,N,N,Y,U,U,5,5,2,,0,,,,U,U,N,N,Y,,,U,N,N,Y,U,U,U,U,U,U,U,Y,U,U,U,U,U,U,U,N,U,U,U,U,U,U,U,U,U,U,U,U,U,Y,Y,U,Y,Y,C,U,U,Y,U,UNK,U,U,Y,U,U,U,U,{28F2F580-5835-484C-8C34-A396FC321A69},U,U,U,U,U,U,U,U,U,U,U,U,,h1802740,,,,Lake Huron; Great Lakes,,,,,,,
3090,Welland,2820,CANADA LAKE ONTARIO,CA,Canada,"43°00'00""N","79°15'00""W",U.S. Coast Pilot 6 - Great Lakes and their connecting waterways,14777,IV,S,LC,G,N,Y,Y,Y,Y,8,,6,6,0,,,,N,N,Y,N,Y,,,U,Y,N,Y,U,U,U,Y,Y,U,Y,Y,U,U,U,U,Y,U,U,N,U,U,U,U,U,U,U,U,U,U,U,U,U,Y,Y,Y,Y,U,C,U,U,N,U,UNK,U,U,Y,U,U,U,U,{D1B8425A-D7EA-4171-ACAA-2A2EBD0CCA03},U,U,U,U,U,U,U,U,U,U,U,U,CA WEL,h1802740,,,,Lake Erie; Great Lakes,,,,,,,
18330,Westview,18080,CANADA WEST COAST,CA,Canada,"49°50'03""N","124°31'55""W",Sailing Directions Pub. 154 (Enroute) - British Columbia,17496,XII,V,CB,F,Y,N,N,N,N,,,8,,11,,,,U,U,Y,U,U,,,U,U,U,U,U,Y,Y,Y,Y,Y,U,Y,Y,U,U,U,Y,Y,U,N,U,U,U,U,U,U,U,N,Y,N,Y,Y,Y,Y,Y,Y,Y,Y,C,U,U,U,U,UNK,U,U,Y,U,U,U,U,{8C046C7A-B5D1-4D0A-84AF-AAA71B98DE13},U,U,U,U,U,U,U,U,U,U,U,U,,"a2618150, gen26b, h2618340",,,,Alaska-Canada coastal waters; North Pacific Ocean,,,,,,,
5960,Whycocomagh,5860,CAPE BRETON ISLAND,CA,Canada,"45°58'00""N","61°08'00""W",Sailing Directions Pub. 145 (Enroute) - Nova Scotia and the Saint Lawrence,14000,IV,V,CN,E,N,N,Y,Y,U,3,6,5,,0,,,,Y,Y,Y,N,Y,,,U,N,N,Y,U,U,U,U,U,U,U,Y,U,U,U,U,U,U,U,N,U,U,U,U,U,U,U,U,U,U,U,U,U,U,U,U,U,U,U,U,U,Y,U,UNK,U,U,Y,U,U,U,U,{D71FE233-42E4-4171-B863-74E2234C4700},U,U,U,U,U,U,U,U,U,U,U,U,,"a1805860, coa18c, gen18b",,,,North Atlantic Ocean,,,,,,,
3810,Wiarton,3640,CANADA LAKE HURON,CA,Canada,"44°45'00""N","81°08'00""W",U.S. Coast Pilot 6 - Great Lakes and their connecting waterways,,IV,V,CN,E,N,N,Y,Y,Y,3,8,5,,0,,,,N,N,N,N,Y,,,U,N,N,N,U,U,Y,Y,U,U,Y,Y,U,U,U,U,Y,U,U,N,U,U,U,U,U,U,U,U,U,U,U,Y,Y,Y,Y,U,U,U,C,U,M,N,U,UNK,U,U,N,U,U,U,U,{FE614A0A-5F43-4705-8703-8D5BF3BC6949},U,U,U,U,U,U,U,U,U,U,U,U,CA YVV,h1802740,,,,Lake Huron; Great Lakes,,,,,,,
6500,Windsor,6070,NOVA SCOTIA CONT,CA,Canada,"45°00'00""N","64°09'00""W",Sailing Directions Pub. 145 (Enroute) - Nova Scotia and the Saint Lawrence,14016,IV,V,RN,E,Y,N,N,Y,U,6,,6,,0,,,,N,N,Y,N,N,,,Y,N,N,Y,U,U,Y,U,U,U,Y,Y,U,U,U,U,Y,U,U,N,U,U,U,U,U,U,U,Y,U,U,U,U,Y,Y,Y,Y,U,U,C,U,U,Y,U,UNK,U,U,Y,U,U,U,U,{AB57E47C-79B0-4B0A-8ED9-3D30550ABC24},U,U,U,U,U,U,U,U,U,U,U,U,CA WDR,"coa18b, gen18b",,,,Bay of Fundy; North Atlantic Ocean,,,,,,,
3390,Windsor,3240,CANADA LAKE ERIE,CA,Canada,"42°19'00""N","83°02'00""W",U.S. Coast Pilot 6 - Great Lakes and their connecting waterways,14853,IV,M,RN,E,N,N,Y,U,Y,6,9,6,6,0,,,,U,U,Y,Y,Y,,,U,N,Y,Y,U,Y,Y,Y,Y,Y,Y,Y,U,U,U,U,Y,N,U,N,Y,U,U,U,U,U,Y,Y,U,U,U,U,Y,Y,Y,Y,U,U,C,U,U,U,U,UNK,U,U,Y,U,U,U,U,{4C470A36-88E7-4FBB-B327-AD647C6ADA87},U,U,U,U,U,U,U,U,U,U,U,U,CA WND,coa17d,,,,Lake Erie; Great Lakes,,,,,,,
2730,Wolfe Island,2545,CANADA ST LAWRENCE R,CA,Canada,"44°12'00""N","76°26'00""W",U.S. Coast Pilot 6 - Great Lakes and their connecting waterways,14760,IV,V,RN,E,U,U,Y,U,U,2,2,2,,0,,,,U,U,U,U,Y,,,U,U,U,U,U,U,U,U,U,U,U,Y,U,U,U,U,U,U,U,U,U,U,U,U,U,U,U,U,U,U,U,U,U,U,U,U,U,U,U,U,U,U,U,UNK,U,U,U,U,U,U,U,{F7935E5F-60ED-4A17-B488-936ED6198B42},U,U,U,U,U,U,U,U,U,U,U,U,CA WFI,h1802740,,,,Lake Ontario; Great Lakes,,,,,,